seed,model,Accuracy,Precision,Recall,F1,AUC,Specificity,MCC
0,LR,0.8682926829268293,0.8389830508474576,0.9252336448598131,0.88,0.9503147053213807,0.8061224489795918,0.7391510209690378
0,DT,1.0,1.0,1.0,1.0,1.0,1.0,1.0
0,RF,1.0,1.0,1.0,1.0,0.9999999999999999,1.0,1.0
0,XGB,1.0,1.0,1.0,1.0,1.0,1.0,1.0
0,NB,0.8878048780487805,0.868421052631579,0.9252336448598131,0.8959276018099548,0.9292389853137516,0.8469387755102041,0.7763295024716926
0,KNN,0.8975609756097561,0.93,0.8691588785046729,0.8985507246376812,0.9803070761014686,0.9285714285714286,0.7971983094797017
0,Stacking,1.0,1.0,1.0,1.0,1.0,1.0,1.0
1,LR,0.8536585365853658,0.8055555555555556,0.90625,0.8529411764705882,0.9409403669724771,0.8073394495412844,0.7131806328651968
1,DT,1.0,1.0,1.0,1.0,1.0,1.0,1.0
1,RF,1.0,1.0,1.0,1.0,1.0,1.0,1.0
1,XGB,1.0,1.0,1.0,1.0,1.0,1.0,1.0
1,NB,0.8341463414634146,0.7767857142857143,0.90625,0.8365384615384616,0.9020451070336393,0.7706422018348624,0.6784500685717134
1,KNN,0.848780487804878,0.8217821782178217,0.8645833333333334,0.8426395939086294,0.9547018348623854,0.8348623853211009,0.6981126781467061
1,Stacking,1.0,1.0,1.0,1.0,1.0,1.0,1.0
2,LR,0.8780487804878049,0.8640776699029126,0.89,0.8768472906403941,0.9408571428571428,0.8666666666666667,0.7564505687994391
2,DT,1.0,1.0,1.0,1.0,1.0,1.0,1.0
2,RF,1.0,1.0,1.0,1.0,1.0,1.0,1.0
2,XGB,0.9853658536585366,1.0,0.97,0.9847715736040609,1.0,1.0,0.9711104754638142
2,NB,0.8390243902439024,0.8073394495412844,0.88,0.8421052631578947,0.9042857142857142,0.8,0.681168720426939
2,KNN,0.8341463414634146,0.8367346938775511,0.82,0.8282828282828283,0.9577142857142857,0.8476190476190476,0.6680645725586024
2,Stacking,1.0,1.0,1.0,1.0,1.0,1.0,1.0
3,LR,0.8439024390243902,0.8130841121495327,0.8787878787878788,0.8446601941747572,0.9357728225652754,0.8113207547169812,0.6903718328407087
3,DT,0.9853658536585366,1.0,0.9696969696969697,0.9846153846153847,0.9848484848484849,1.0,0.9710860220774045
3,RF,1.0,1.0,1.0,1.0,0.9999999999999999,1.0,1.0
3,XGB,1.0,1.0,1.0,1.0,1.0,1.0,1.0
3,NB,0.848780487804878,0.7982456140350878,0.9191919191919192,0.8544600938967136,0.9007051648561083,0.7830188679245284,0.7062604792100668
3,KNN,0.8390243902439024,0.8113207547169812,0.8686868686868687,0.8390243902439024,0.9569754145225844,0.8113207547169812,0.6800076234038498
3,Stacking,1.0,1.0,1.0,1.0,0.9999999999999999,1.0,1.0
4,LR,0.848780487804878,0.7964601769911505,0.9183673469387755,0.8530805687203792,0.9182719816898722,0.7850467289719626,0.7064523041326928
4,DT,1.0,1.0,1.0,1.0,1.0,1.0,1.0
4,RF,1.0,1.0,1.0,1.0,1.0,1.0,1.0
4,XGB,1.0,1.0,1.0,1.0,1.0,1.0,1.0
4,NB,0.8195121951219512,0.7747747747747747,0.8775510204081632,0.8229665071770335,0.8699218004958993,0.7663551401869159,0.645508686302668
4,KNN,0.8536585365853658,0.84,0.8571428571428571,0.8484848484848485,0.9572763684913218,0.8504672897196262,0.7071382494129571
4,Stacking,1.0,1.0,1.0,1.0,1.0,1.0,1.0
5,LR,0.8536585365853658,0.8214285714285714,0.9019607843137255,0.8598130841121495,0.9365124690652961,0.8058252427184466,0.7108372814154305
5,DT,0.9853658536585366,1.0,0.9705882352941176,0.9850746268656716,0.9852941176470589,1.0,0.9711430156968318
5,RF,1.0,1.0,1.0,1.0,1.0,1.0,1.0
5,XGB,1.0,1.0,1.0,1.0,1.0,1.0,1.0
5,NB,0.8682926829268293,0.8205128205128205,0.9411764705882353,0.8767123287671232,0.9115743384732533,0.7961165048543689,0.744774035010849
5,KNN,0.8878048780487805,0.8910891089108911,0.8823529411764706,0.8866995073891626,0.9748239101465829,0.8932038834951457,0.7756306555846942
5,Stacking,1.0,1.0,1.0,1.0,0.9999999999999999,1.0,1.0
6,LR,0.8731707317073171,0.8317757009345794,0.9175257731958762,0.8725490196078431,0.9244940817105767,0.8333333333333334,0.7505009918016666
6,DT,0.9853658536585366,0.97,1.0,0.9847715736040609,0.986111111111111,0.9722222222222222,0.9711104754638142
6,RF,0.9853658536585366,0.97,1.0,0.9847715736040609,0.9958476517754867,0.9722222222222222,0.9711104754638142
6,XGB,0.9853658536585366,0.97,1.0,0.9847715736040609,0.9951317296678122,0.9722222222222222,0.9711104754638142
6,NB,0.8731707317073171,0.8380952380952381,0.9072164948453608,0.8712871287128713,0.9068346697212677,0.8425925925925926,0.7489516725349299
6,KNN,0.8682926829268293,0.8723404255319149,0.845360824742268,0.8586387434554974,0.9549923634975181,0.8888888888888888,0.7357260178634499
6,Stacking,0.9853658536585366,0.97,1.0,0.9847715736040609,0.9922680412371134,0.9722222222222222,0.9711104754638142
7,LR,0.8731707317073171,0.9017857142857143,0.8706896551724138,0.8859649122807017,0.926675707090275,0.8764044943820225,0.7437874527812887
7,DT,1.0,1.0,1.0,1.0,1.0,1.0,1.0
7,RF,1.0,1.0,1.0,1.0,1.0,1.0,1.0
7,XGB,0.9804878048780488,1.0,0.9655172413793104,0.9824561403508771,1.0,1.0,0.9612437870250079
7,NB,0.8634146341463415,0.8728813559322034,0.8879310344827587,0.8803418803418803,0.8974234792716,0.8314606741573034,0.7214210263769869
7,KNN,0.8341463414634146,0.8867924528301887,0.8103448275862069,0.8468468468468469,0.9502130956993413,0.8651685393258427,0.6700194579469351
7,Stacking,1.0,1.0,1.0,1.0,1.0,1.0,1.0
8,LR,0.8536585365853658,0.8728813559322034,0.8728813559322034,0.8728813559322034,0.9336645236703682,0.8275862068965517,0.7004675628287551
8,DT,1.0,1.0,1.0,1.0,1.0,1.0,1.0
8,RF,1.0,1.0,1.0,1.0,1.0,1.0,1.0
8,XGB,1.0,1.0,1.0,1.0,0.9999999999999999,1.0,1.0
8,NB,0.8390243902439024,0.8346456692913385,0.8983050847457628,0.8653061224489796,0.9014221702707967,0.7586206896551724,0.6687561206416053
8,KNN,0.8439024390243902,0.8839285714285714,0.8389830508474576,0.8608695652173913,0.9523670368205727,0.8505747126436781,0.6845746243171745
8,Stacking,1.0,1.0,1.0,1.0,1.0,1.0,1.0
9,LR,0.8878048780487805,0.896551724137931,0.9043478260869565,0.9004329004329005,0.9494685990338164,0.8666666666666667,0.7719847451491
9,DT,0.9707317073170731,1.0,0.9478260869565217,0.9732142857142857,0.9739130434782608,1.0,0.9426489041640791
9,RF,0.9853658536585366,1.0,0.9739130434782609,0.986784140969163,0.9985507246376811,1.0,0.9708225861034753
9,XGB,0.9853658536585366,1.0,0.9739130434782609,0.986784140969163,0.9979710144927536,1.0,0.9708225861034753
9,NB,0.8829268292682927,0.8760330578512396,0.9217391304347826,0.8983050847457628,0.9296618357487922,0.8333333333333334,0.7619500103130386
9,KNN,0.8634146341463415,0.8849557522123894,0.8695652173913043,0.8771929824561403,0.9541545893719807,0.8555555555555555,0.723514744899889
9,Stacking,0.9853658536585366,1.0,0.9739130434782609,0.986784140969163,0.9907246376811594,1.0,0.9708225861034753
10,LR,0.8585365853658536,0.8558558558558559,0.8796296296296297,0.867579908675799,0.9194348988163421,0.8350515463917526,0.7161181351720813
10,DT,1.0,1.0,1.0,1.0,1.0,1.0,1.0
10,RF,1.0,1.0,1.0,1.0,1.0,1.0,1.0
10,XGB,1.0,1.0,1.0,1.0,1.0,1.0,1.0
10,NB,0.848780487804878,0.8347826086956521,0.8888888888888888,0.8609865470852018,0.8905116456662849,0.8041237113402062,0.6972181769343475
10,KNN,0.8536585365853658,0.8545454545454545,0.8703703703703703,0.8623853211009175,0.9513172966781214,0.8350515463917526,0.7062989299557654
10,Stacking,1.0,1.0,1.0,1.0,1.0,1.0,1.0
11,LR,0.848780487804878,0.8468468468468469,0.8703703703703703,0.8584474885844748,0.9249713631156931,0.8247422680412371,0.6965102524807127
11,DT,1.0,1.0,1.0,1.0,1.0,1.0,1.0
11,RF,1.0,1.0,1.0,1.0,1.0,1.0,1.0
11,XGB,1.0,1.0,1.0,1.0,1.0,1.0,1.0
11,NB,0.8439024390243902,0.8333333333333334,0.8796296296296297,0.8558558558558559,0.8926116838487973,0.8041237113402062,0.6871065434837744
11,KNN,0.8390243902439024,0.831858407079646,0.8703703703703703,0.8506787330316742,0.9504104620084002,0.8041237113402062,0.6770843142902092
11,Stacking,1.0,1.0,1.0,1.0,1.0,1.0,1.0
12,LR,0.8536585365853658,0.8362068965517241,0.8981481481481481,0.8660714285714286,0.9249713631156931,0.8041237113402062,0.7074227354302551
12,DT,1.0,1.0,1.0,1.0,1.0,1.0,1.0
12,RF,1.0,1.0,1.0,1.0,1.0,1.0,1.0
12,XGB,1.0,1.0,1.0,1.0,1.0,1.0,1.0
12,NB,0.8048780487804879,0.8090909090909091,0.8240740740740741,0.8165137614678899,0.8779114165712104,0.7835051546391752,0.6083345993462038
12,KNN,0.8634146341463415,0.8508771929824561,0.8981481481481481,0.8738738738738738,0.9641561664757541,0.8247422680412371,0.7264355512777639
12,Stacking,1.0,1.0,1.0,1.0,1.0,1.0,1.0
13,LR,0.8439024390243902,0.8198198198198198,0.883495145631068,0.8504672897196262,0.9118598895869028,0.803921568627451,0.689784402259184
13,DT,1.0,1.0,1.0,1.0,1.0,1.0,1.0
13,RF,0.9853658536585366,0.9716981132075472,1.0,0.9856459330143541,0.999143346659052,0.9705882352941176,0.9711430156968318
13,XGB,0.9853658536585366,0.9716981132075472,1.0,0.9856459330143541,0.9991433466590519,0.9705882352941176,0.9711430156968318
13,NB,0.8439024390243902,0.8256880733944955,0.8737864077669902,0.8490566037735849,0.8931086997905959,0.8137254901960784,0.6888902706157831
13,KNN,0.8292682926829268,0.8269230769230769,0.8349514563106796,0.8309178743961353,0.953931086997906,0.8235294117647058,0.6585435536738973
13,Stacking,1.0,1.0,1.0,1.0,1.0,1.0,1.0
14,LR,0.8439024390243902,0.8347826086956521,0.8807339449541285,0.8571428571428571,0.9256498470948012,0.8020833333333334,0.6865674230634399
14,DT,1.0,1.0,1.0,1.0,1.0,1.0,1.0
14,RF,1.0,1.0,1.0,1.0,1.0,1.0,1.0
14,XGB,1.0,1.0,1.0,1.0,1.0,1.0,1.0
14,NB,0.8292682926829268,0.8135593220338984,0.8807339449541285,0.8458149779735683,0.8811162079510704,0.7708333333333334,0.6578206483479667
14,KNN,0.8731707317073171,0.9029126213592233,0.8532110091743119,0.8773584905660378,0.9652140672782875,0.8958333333333334,0.7475456100078234
14,Stacking,1.0,1.0,1.0,1.0,1.0,1.0,1.0
15,LR,0.8829268292682927,0.8571428571428571,0.9090909090909091,0.8823529411764706,0.9456832475700401,0.8584905660377359,0.7673621347969404
15,DT,1.0,1.0,1.0,1.0,1.0,1.0,1.0
15,RF,1.0,1.0,1.0,1.0,1.0,1.0,1.0
15,XGB,1.0,1.0,1.0,1.0,1.0,1.0,1.0
15,NB,0.8780487804878049,0.8363636363636363,0.9292929292929293,0.8803827751196173,0.937773966075853,0.8301886792452831,0.7610788376600208
15,KNN,0.848780487804878,0.8617021276595744,0.8181818181818182,0.8393782383419689,0.9583095101963027,0.8773584905660378,0.6975372703902887
15,Stacking,1.0,1.0,1.0,1.0,1.0,1.0,1.0
16,LR,0.8536585365853658,0.8256880733944955,0.8910891089108911,0.8571428571428571,0.9187928408225439,0.8173076923076923,0.7097494791760678
16,DT,0.9853658536585366,1.0,0.9702970297029703,0.9849246231155779,0.9851485148514851,1.0,0.97112946618107
16,RF,1.0,1.0,1.0,1.0,1.0,1.0,1.0
16,XGB,1.0,1.0,1.0,1.0,1.0,1.0,1.0
16,NB,0.8390243902439024,0.8090909090909091,0.8811881188118812,0.8436018957345972,0.9014661081492765,0.7980769230769231,0.6810178193171069
16,KNN,0.8341463414634146,0.845360824742268,0.8118811881188119,0.8282828282828283,0.9467821782178218,0.8557692307692307,0.668542063458243
16,Stacking,1.0,1.0,1.0,1.0,1.0,1.0,1.0
17,LR,0.8536585365853658,0.9017857142857143,0.8416666666666667,0.8706896551724138,0.930392156862745,0.8705882352941177,0.7048310813110706
17,DT,1.0,1.0,1.0,1.0,1.0,1.0,1.0
17,RF,1.0,1.0,1.0,1.0,1.0,1.0,1.0
17,XGB,1.0,1.0,1.0,1.0,1.0,1.0,1.0
17,NB,0.8146341463414634,0.853448275862069,0.825,0.8389830508474576,0.8961764705882354,0.8,0.6212352712953713
17,KNN,0.8536585365853658,0.9326923076923077,0.8083333333333333,0.8660714285714286,0.9634803921568628,0.9176470588235294,0.7153978332223834
17,Stacking,1.0,1.0,1.0,1.0,1.0,1.0,1.0
18,LR,0.8731707317073171,0.8673469387755102,0.8673469387755102,0.8673469387755102,0.9467861911119587,0.8785046728971962,0.7458516116727064
18,DT,0.9853658536585366,0.9702970297029703,1.0,0.9849246231155779,0.9859813084112149,0.9719626168224299,0.97112946618107
18,RF,0.9853658536585366,0.9702970297029703,1.0,0.9849246231155779,1.0,0.9719626168224299,0.97112946618107
18,XGB,0.9853658536585366,0.9702970297029703,1.0,0.9849246231155779,1.0,0.9719626168224299,0.97112946618107
18,NB,0.8731707317073171,0.8673469387755102,0.8673469387755102,0.8673469387755102,0.9303833683005913,0.8785046728971962,0.7458516116727064
18,KNN,0.824390243902439,0.8229166666666666,0.8061224489795918,0.8144329896907216,0.9438775510204083,0.8411214953271028,0.6479239849343478
18,Stacking,0.9853658536585366,0.9702970297029703,1.0,0.9849246231155779,1.0,0.9719626168224299,0.97112946618107
19,LR,0.8682926829268293,0.8608695652173913,0.9,0.88,0.908133971291866,0.8315789473684211,0.7351046494648819
19,DT,1.0,1.0,1.0,1.0,1.0,1.0,1.0
19,RF,1.0,1.0,1.0,1.0,1.0,1.0,1.0
19,XGB,1.0,1.0,1.0,1.0,1.0,1.0,1.0
19,NB,0.8439024390243902,0.8545454545454545,0.8545454545454545,0.8545454545454545,0.896555023923445,0.8315789473684211,0.6861244019138756
19,KNN,0.824390243902439,0.8490566037735849,0.8181818181818182,0.8333333333333334,0.947177033492823,0.8315789473684211,0.6483971527868936
19,Stacking,1.0,1.0,1.0,1.0,1.0,1.0,1.0
