model,max_depth,Accuracy,Precision,Recall,F1,AUC
DT,2,0.7578048780487805,0.7922989564179084,0.7354088891598176,0.7554130418513243,0.8435932711918186
DT,3,0.834390243902439,0.8129478743522416,0.8829043157647654,0.8452855478439035,0.8958913102280833
DT,4,0.8317073170731707,0.8174947879722014,0.8733831821279081,0.8414322643497606,0.9248704551229319
DT,5,0.8839024390243904,0.8553064824041383,0.9327910263516317,0.8918228660237271,0.9586085364370207
DT,6,0.9109756097560975,0.9025380624706545,0.9292348168137771,0.9142432717919078,0.9763569698822672
DT,7,0.9497560975609757,0.9412716587880048,0.9633917132996279,0.9513905717279186,0.989219833004839
DT,8,0.9658536585365853,0.9641442258367274,0.9697117918397664,0.9666429986633723,0.9921352585306638
DT,None,0.9948780487804878,0.9970148514851486,0.9929204160825289,0.9948762558515278,0.9950648290173808
RF,2,0.8507317073170733,0.8403407040140243,0.8761835312071863,0.8571106894440998,0.92561711593399
RF,3,0.8670731707317072,0.8510461024695026,0.8997257997865576,0.874074656069386,0.9396597175629278
RF,4,0.8856097560975609,0.8665964234248932,0.9197591794944,0.8919196650799825,0.9561086163096407
RF,5,0.9175609756097561,0.9019234728153943,0.9426099254645999,0.9213774034737895,0.974095881090301
RF,6,0.9565853658536586,0.9532200991671014,0.9634186138438542,0.9581131125482065,0.9888462643154149
RF,8,0.9904878048780488,0.9849135916350976,0.9968434841984948,0.9907595291956015,0.9989282161096709
RF,None,0.9970731707317073,0.9955997571455258,0.9986956521739131,0.9971063135351578,0.999677086153611
XGB,1,0.8814634146341463,0.8686073906529627,0.9067395460960535,0.8869058122455759,0.9511856025735602
XGB,2,0.9604878048780489,0.9670212912451737,0.9556194485546236,0.9611049480793852,0.989045310017684
XGB,3,0.9919512195121951,0.9900134366817408,0.994446261717626,0.9920750156802244,0.9995855694861001
XGB,4,0.9956097560975611,0.9942625579071669,0.9971805006587615,0.9956396917755868,0.9998998935643385
XGB,6,0.9953658536585366,0.9955997571455258,0.9954715142428785,0.9954676992329047,0.9996123045409808
