seed,protocol,overlap,est_Accuracy,est_F1,est_AUC,true_Accuracy,true_F1,true_AUC,coef_LR,coef_DT,coef_RF,coef_XGB,coef_NB,coef_KNN,optimism_Accuracy,optimism_F1,optimism_AUC
0,"Paper (row split, duplicates)",0.9573170731707317,1.0,1.0,1.0,0.8032786885245902,0.8064516129032258,0.9015151515151515,0.4621221867571992,2.4943303641767827,2.6527186964864664,3.687736357030981,0.37375412639534067,0.732722876291977,0.19672131147540983,0.19354838709677424,0.09848484848484851
0,Proposed (dedup + CV),0.0,0.8173469387755101,0.8401340354625976,0.904027454027454,0.9180327868852459,0.9230769230769231,0.9274891774891776,1.9254577507269288,0.43633651069586943,0.9994273197080394,0.6633093907901241,0.742490138498276,0.5284000529199198,-0.1006858481097358,-0.08294288761432556,-0.023461723461723594
1,"Paper (row split, duplicates)",0.9815950920245399,0.9815950920245399,0.9815950920245399,1.0,0.8524590163934426,0.8571428571428571,0.9361471861471862,0.7368034702051589,3.105324428056189,2.848608284491444,3.3679032711332173,0.9085997893668908,0.844617847459803,0.1291360756310973,0.12445223488168278,0.06385281385281383
1,Proposed (dedup + CV),0.0,0.821513605442177,0.8438103768153029,0.8964905464905465,0.8852459016393442,0.8888888888888888,0.9567099567099568,2.1422392436402258,0.09886622185339125,1.6045420947703233,0.2705675441106443,0.3701840480384171,0.6295730136143243,-0.06373229619716725,-0.04507851207358593,-0.06021941021941035
2,"Paper (row split, duplicates)",1.0,1.0,1.0,1.0,0.8032786885245902,0.8181818181818182,0.8993506493506493,0.36842193328203093,3.3552532194348412,2.7525747757185277,2.6643543402309677,0.7519475601403994,0.425711566042633,0.19672131147540983,0.18181818181818177,0.10064935064935066
2,Proposed (dedup + CV),0.0,0.8006802721088435,0.8143070219540807,0.8890442890442891,0.8852459016393442,0.8955223880597015,0.9285714285714286,1.4539715380926996,0.31266525141135515,1.1597313306114745,0.8591424722397633,0.7354207457838405,0.5009512887193553,-0.08456562953050073,-0.08121536610562086,-0.03952713952713949
3,"Paper (row split, duplicates)",0.9573170731707317,0.9817073170731707,0.9824561403508771,0.9991071428571429,0.7213114754098361,0.746268656716418,0.8419913419913421,0.3331553368605807,2.6305534057129516,2.549000881774594,3.80856820645329,0.4481455863542209,0.771632464654703,0.2603958416633346,0.23618748363445918,0.1571158008658008
3,Proposed (dedup + CV),0.0,0.8425170068027212,0.8571182319081478,0.9242294742294742,0.7540983606557377,0.7945205479452054,0.8798701298701299,1.5644869133667687,0.35632026389216487,1.4629765191130606,1.3542495141427828,0.9477739273312761,-0.023165940001700688,0.08841864614698358,0.06259768396294241,0.0443593443593443
4,"Paper (row split, duplicates)",0.9815950920245399,1.0,1.0,1.0,0.7213114754098361,0.746268656716418,0.8820346320346321,0.5006862433026565,4.295270196794917,2.382792809890006,2.7349186914443395,0.3562828496495313,0.5492270291898484,0.2786885245901639,0.25373134328358204,0.11796536796536794
4,Proposed (dedup + CV),0.0,0.7885204081632653,0.8142486032525532,0.8847448847448847,0.9180327868852459,0.9295774647887324,0.9718614718614719,2.0268550749971093,-0.471441994693884,1.6153183912809048,0.17434322721733725,0.6986211808578927,1.2949758111442358,-0.12951237872198063,-0.11532886153617916,-0.08711658711658721
5,"Paper (row split, duplicates)",0.9451219512195121,1.0,1.0,1.0,0.8032786885245902,0.8235294117647058,0.8820346320346321,0.5869810832808531,2.101578643017094,3.5252722807838204,2.9013106815567697,1.0029005399964785,-0.015247983225252563,0.19672131147540983,0.17647058823529416,0.11796536796536794
5,Proposed (dedup + CV),0.0,0.8504251700680271,0.8649761142366295,0.9204480704480705,0.819672131147541,0.8405797101449275,0.9004329004329005,2.190661087357371,-0.440269276125117,1.824812449542725,0.7164381121751393,0.4175888368894815,0.5696728878338573,0.030753038920486087,0.024396404091701962,0.02001517001517006
6,"Paper (row split, duplicates)",0.9570552147239264,1.0,1.0,1.0,0.7704918032786885,0.7878787878787878,0.856060606060606,0.40724665403509824,2.65038995324904,2.7142989258216743,3.2449288405033303,0.3773230126639233,0.8446811785187298,0.2295081967213115,0.21212121212121215,0.14393939393939403
6,Proposed (dedup + CV),0.0,0.8464285714285713,0.8617498188086424,0.9278943278943277,0.7704918032786885,0.78125,0.8841991341991343,1.6956308464605714,-0.25975925728597377,1.740554475093454,1.2670865391863007,0.6684461395697926,0.49310906113889746,0.07593676814988282,0.08049981880864243,0.04369519369519337
7,"Paper (row split, duplicates)",1.0,1.0,1.0,1.0,0.7868852459016393,0.8,0.8506493506493507,0.507951074911706,2.1031098044297116,3.032721901261406,2.9557653399108386,0.5663938050999182,1.3660760303805068,0.21311475409836067,0.19999999999999996,0.14935064935064934
7,Proposed (dedup + CV),0.0,0.8507653061224489,0.8628058113788158,0.8974876974876975,0.7868852459016393,0.8,0.8809523809523809,1.618120692993338,-0.32173503605502374,1.8523536580901976,0.6298811825016929,0.10974082525560905,1.3576404891062877,0.06388006022080961,0.0628058113788158,0.01653531653531659
8,"Paper (row split, duplicates)",0.9634146341463414,1.0,1.0,1.0,0.7704918032786885,0.7741935483870968,0.8733766233766235,0.9570581748735935,2.1267356241199664,2.9920038086223144,3.9393687061806224,0.916970285786588,0.8385786538301644,0.2295081967213115,0.22580645161290325,0.12662337662337653
8,Proposed (dedup + CV),0.0,0.8508503401360544,0.8642454540567748,0.9170422170422171,0.8032786885245902,0.8181818181818182,0.9123376623376622,1.8017548648046335,0.40388580170057414,1.2756649721116513,0.5517280413163165,0.8154886767853436,0.6586305538198386,0.04757165161146426,0.04606363587495654,0.004704554704554886
9,"Paper (row split, duplicates)",0.9817073170731707,1.0,1.0,0.9999999999999999,0.7213114754098361,0.7605633802816901,0.7954545454545454,0.6988873094594086,3.3002426099327824,2.618827701837189,3.0631190920520908,0.47770519077186885,1.0364208379648379,0.2786885245901639,0.23943661971830987,0.20454545454545447
9,Proposed (dedup + CV),0.0,0.8586734693877552,0.872838204107554,0.9253690753690753,0.7377049180327869,0.7647058823529411,0.8062770562770563,2.0001938607546856,1.0733699436025923,0.9792917640603234,0.7747738518396262,-0.08432880740398295,1.1660983085427856,0.12096855135496831,0.10813232175461285,0.11909201909201905
10,"Paper (row split, duplicates)",1.0,1.0,1.0,1.0,0.8360655737704918,0.8529411764705882,0.8798701298701298,0.46162053131635966,2.5660618099117993,2.7927241619132133,3.2505689343612674,0.2843748271721926,0.8592789756957234,0.16393442622950816,0.1470588235294118,0.1201298701298702
10,Proposed (dedup + CV),0.0,0.8380952380952381,0.8490703588467978,0.9030432530432531,0.8032786885245902,0.8333333333333334,0.8896103896103895,1.732057989201291,-0.17312806647778817,0.9609927743102279,1.3249979909218488,0.44939282906318295,1.1822357602014368,0.03481654957064795,0.015737025513464453,0.01343286343286354
11,"Paper (row split, duplicates)",1.0,1.0,1.0,1.0,0.7540983606557377,0.7457627118644068,0.8777056277056278,0.6723163920453785,3.0929714011567007,2.6842788600994743,3.3251126447706234,0.5680673064664856,1.0946965429044317,0.24590163934426235,0.2542372881355932,0.12229437229437223
11,Proposed (dedup + CV),0.0,0.850595238095238,0.8656514337628888,0.9112924112924115,0.8032786885245902,0.8,0.8993506493506493,1.926371459273587,0.32209047704147126,1.5401512892647298,0.9252438229309381,0.31020495733248965,0.7578109491237304,0.04731654957064779,0.06565143376288873,0.011941761941762108
12,"Paper (row split, duplicates)",0.9447852760736196,1.0,1.0,1.0,0.819672131147541,0.8450704225352113,0.8852813852813853,0.3530730915357946,3.2504068937770074,2.526508858286961,2.9869787543254156,0.2576802059542738,0.6207900793444988,0.180327868852459,0.15492957746478875,0.11471861471861466
12,Proposed (dedup + CV),0.0,0.8340986394557823,0.8504602683178535,0.9106319606319607,0.8360655737704918,0.8611111111111112,0.8993506493506493,2.3852906625246746,-0.3723018328708535,1.9783273336080982,0.19659725575365344,0.0747149747245186,1.0964464963247313,-0.001966934314709512,-0.010650842793257675,0.01128131128131138
13,"Paper (row split, duplicates)",0.926829268292683,0.9817073170731707,0.9795918367346939,1.0,0.7213114754098361,0.746268656716418,0.8852813852813853,0.6100458206999456,3.555017248984136,2.5984584282153644,2.9159511445227495,0.6904492548575519,0.9686142407961752,0.2603958416633346,0.2333231800182759,0.11471861471861466
13,Proposed (dedup + CV),0.0,0.8424319727891156,0.8597457854893097,0.9057627557627559,0.8688524590163934,0.8787878787878788,0.9145021645021646,1.9611261146344645,0.49271674523354725,1.1595369206168151,0.566469150220435,0.40254819620113863,0.9687433349109271,-0.026420486227277773,-0.019042093298569096,-0.008739408739408705
14,"Paper (row split, duplicates)",0.9818181818181818,1.0,1.0,1.0,0.7868852459016393,0.8,0.9058441558441559,0.3395369935221214,2.4987399179847363,2.885356422905643,3.383246760751968,0.3399357252222746,0.8172366416306639,0.21311475409836067,0.19999999999999996,0.0941558441558441
14,Proposed (dedup + CV),0.0,0.8090136054421769,0.8291251516514674,0.9061771561771563,0.819672131147541,0.8307692307692308,0.9285714285714286,1.7036682461894304,0.5602749043578793,1.144496166090767,0.4477537446448206,0.28105193296626246,1.128384646473248,-0.010658525705364075,-0.0016440791177634306,-0.022394272394272274
15,"Paper (row split, duplicates)",1.0,1.0,1.0,0.9999999999999999,0.8360655737704918,0.8529411764705882,0.8506493506493507,0.31863080986126224,3.146180485238887,2.735830488928013,2.898777451356394,0.2574399270047047,0.647497804420571,0.16393442622950816,0.1470588235294118,0.14935064935064923
15,Proposed (dedup + CV),0.0,0.8295918367346939,0.8462267936177257,0.9040792540792542,0.8524590163934426,0.8695652173913043,0.8712121212121212,1.7146675916085945,0.2253990244015709,1.4657654666635695,0.5690704025611744,0.4754632610223599,1.0455578113313384,-0.022867179658748626,-0.023338423773578643,0.03286713286713294
16,"Paper (row split, duplicates)",0.9573170731707317,1.0,1.0,1.0,0.8360655737704918,0.8529411764705882,0.9177489177489178,0.421774780874208,2.807075331863344,2.8719345548132287,3.241281651436389,0.47104678230747016,0.2594909958167303,0.16393442622950816,0.1470588235294118,0.08225108225108224
16,Proposed (dedup + CV),0.0,0.834013605442177,0.8519317160826594,0.904001554001554,0.8524590163934426,0.8767123287671232,0.9415584415584415,1.690599962268198,-0.2722602409162103,1.266879762992747,1.1589896282456567,0.445965137353998,1.1318651035164733,-0.018445410951265617,-0.024780612684463854,-0.037556887556887464
17,"Paper (row split, duplicates)",1.0,1.0,1.0,1.0,0.7868852459016393,0.7936507936507936,0.8603896103896104,0.7483862710877742,2.4392597955348254,2.90240987772979,3.461128801694895,0.0650329370407614,0.568821557971992,0.21311475409836067,0.2063492063492064,0.13961038961038963
17,Proposed (dedup + CV),0.0,0.8507653061224489,0.8645650552209749,0.9102693602693602,0.819672131147541,0.8253968253968254,0.8831168831168831,2.1578432497576427,-0.049593763186530915,1.1841060886447952,0.5861072355656808,0.3228521098881513,1.1895454142637096,0.031093174974907933,0.03916822982414958,0.02715247715247715
18,"Paper (row split, duplicates)",0.9447852760736196,1.0,1.0,1.0,0.8688524590163934,0.8857142857142857,0.9155844155844156,0.408087460179124,2.5521051898642773,3.648717717992729,3.0343105001182953,1.2201104511466334,0.6165694599621941,0.1311475409836066,0.11428571428571432,0.08441558441558439
18,Proposed (dedup + CV),0.0,0.8260204081632654,0.839524935269616,0.8978891478891479,0.8360655737704918,0.8571428571428571,0.9545454545454546,1.9212118534244702,0.15927454927835455,1.4724351632376484,0.4228754921887543,0.5412596203122985,0.7903568648555765,-0.010045165607226458,-0.01761792187324107,-0.05665630665630672
19,"Paper (row split, duplicates)",0.9447852760736196,0.9815950920245399,0.9826589595375722,0.9959090909090909,0.7868852459016393,0.8115942028985508,0.8798701298701299,0.61424988340481,2.491558765007558,2.8858295695519462,3.377173547129449,0.34084118852343986,0.6619837520784744,0.19470984612290054,0.17106475663902143,0.11603896103896094
19,Proposed (dedup + CV),0.0,0.8133503401360545,0.8302753943682737,0.8998316498316499,0.8032786885245902,0.8333333333333334,0.9036796536796537,1.7495635923444963,0.5884275195376261,1.0325636236303077,0.787340175742382,0.45090949859477014,0.9395611932196142,0.010071651611464283,-0.003057938965059681,-0.003848003848003878
