fold,LR,DT,RF,XGB,NB,KNN
0,{'C': 1},"{'max_depth': 5, 'min_samples_leaf': 10}","{'max_depth': 3, 'max_features': 'sqrt', 'min_samples_leaf': 1, 'n_estimators': 200}","{'learning_rate': 0.05, 'max_depth': 2, 'n_estimators': 100}",{'var_smoothing': 0.001},"{'n_neighbors': 21, 'weights': 'uniform'}"
1,{'C': 1},"{'max_depth': None, 'min_samples_leaf': 10}","{'max_depth': 3, 'max_features': 'sqrt', 'min_samples_leaf': 1, 'n_estimators': 200}","{'learning_rate': 0.05, 'max_depth': 2, 'n_estimators': 100}",{'var_smoothing': 0.001},"{'n_neighbors': 15, 'weights': 'distance'}"
2,{'C': 1},"{'max_depth': 3, 'min_samples_leaf': 1}","{'max_depth': 3, 'max_features': 'sqrt', 'min_samples_leaf': 1, 'n_estimators': 200}","{'learning_rate': 0.05, 'max_depth': 2, 'n_estimators': 100}",{'var_smoothing': 0.001},"{'n_neighbors': 15, 'weights': 'uniform'}"
3,{'C': 1},"{'max_depth': 3, 'min_samples_leaf': 10}","{'max_depth': 5, 'max_features': 'sqrt', 'min_samples_leaf': 5, 'n_estimators': 200}","{'learning_rate': 0.1, 'max_depth': 2, 'n_estimators': 100}",{'var_smoothing': 1e-09},"{'n_neighbors': 31, 'weights': 'distance'}"
4,{'C': 1},"{'max_depth': 4, 'min_samples_leaf': 10}","{'max_depth': None, 'max_features': 'sqrt', 'min_samples_leaf': 5, 'n_estimators': 200}","{'learning_rate': 0.05, 'max_depth': 2, 'n_estimators': 100}",{'var_smoothing': 1e-09},"{'n_neighbors': 21, 'weights': 'uniform'}"
5,{'C': 0.1},"{'max_depth': None, 'min_samples_leaf': 5}","{'max_depth': 3, 'max_features': 'sqrt', 'min_samples_leaf': 5, 'n_estimators': 200}","{'learning_rate': 0.05, 'max_depth': 2, 'n_estimators': 100}",{'var_smoothing': 0.001},"{'n_neighbors': 31, 'weights': 'distance'}"
6,{'C': 0.1},"{'max_depth': 4, 'min_samples_leaf': 10}","{'max_depth': 3, 'max_features': 'sqrt', 'min_samples_leaf': 5, 'n_estimators': 200}","{'learning_rate': 0.05, 'max_depth': 2, 'n_estimators': 100}",{'var_smoothing': 0.001},"{'n_neighbors': 31, 'weights': 'distance'}"
7,{'C': 0.1},"{'max_depth': 3, 'min_samples_leaf': 5}","{'max_depth': 3, 'max_features': 0.5, 'min_samples_leaf': 5, 'n_estimators': 200}","{'learning_rate': 0.05, 'max_depth': 2, 'n_estimators': 100}",{'var_smoothing': 1e-09},"{'n_neighbors': 31, 'weights': 'uniform'}"
8,{'C': 0.1},"{'max_depth': 3, 'min_samples_leaf': 10}","{'max_depth': None, 'max_features': 'sqrt', 'min_samples_leaf': 5, 'n_estimators': 200}","{'learning_rate': 0.05, 'max_depth': 4, 'n_estimators': 100}",{'var_smoothing': 1e-09},"{'n_neighbors': 31, 'weights': 'uniform'}"
9,{'C': 1},"{'max_depth': 4, 'min_samples_leaf': 10}","{'max_depth': None, 'max_features': 0.5, 'min_samples_leaf': 1, 'n_estimators': 200}","{'learning_rate': 0.05, 'max_depth': 2, 'n_estimators': 100}",{'var_smoothing': 1e-09},"{'n_neighbors': 31, 'weights': 'distance'}"
10,{'C': 0.01},"{'max_depth': 4, 'min_samples_leaf': 5}","{'max_depth': 5, 'max_features': 'sqrt', 'min_samples_leaf': 5, 'n_estimators': 200}","{'learning_rate': 0.1, 'max_depth': 3, 'n_estimators': 100}",{'var_smoothing': 0.001},"{'n_neighbors': 15, 'weights': 'uniform'}"
11,{'C': 1},"{'max_depth': 3, 'min_samples_leaf': 1}","{'max_depth': 3, 'max_features': 'sqrt', 'min_samples_leaf': 5, 'n_estimators': 200}","{'learning_rate': 0.05, 'max_depth': 2, 'n_estimators': 100}",{'var_smoothing': 1e-05},"{'n_neighbors': 15, 'weights': 'uniform'}"
12,{'C': 10},"{'max_depth': None, 'min_samples_leaf': 10}","{'max_depth': None, 'max_features': 'sqrt', 'min_samples_leaf': 5, 'n_estimators': 200}","{'learning_rate': 0.05, 'max_depth': 2, 'n_estimators': 100}",{'var_smoothing': 0.001},"{'n_neighbors': 31, 'weights': 'distance'}"
13,{'C': 0.1},"{'max_depth': 4, 'min_samples_leaf': 10}","{'max_depth': 3, 'max_features': 'sqrt', 'min_samples_leaf': 1, 'n_estimators': 200}","{'learning_rate': 0.05, 'max_depth': 3, 'n_estimators': 100}",{'var_smoothing': 1e-09},"{'n_neighbors': 31, 'weights': 'uniform'}"
14,{'C': 1},"{'max_depth': None, 'min_samples_leaf': 10}","{'max_depth': 5, 'max_features': 'sqrt', 'min_samples_leaf': 5, 'n_estimators': 200}","{'learning_rate': 0.1, 'max_depth': 2, 'n_estimators': 100}",{'var_smoothing': 0.001},"{'n_neighbors': 31, 'weights': 'uniform'}"
15,{'C': 10},"{'max_depth': 5, 'min_samples_leaf': 10}","{'max_depth': None, 'max_features': 'sqrt', 'min_samples_leaf': 5, 'n_estimators': 200}","{'learning_rate': 0.05, 'max_depth': 2, 'n_estimators': 100}",{'var_smoothing': 0.001},"{'n_neighbors': 21, 'weights': 'uniform'}"
16,{'C': 1},"{'max_depth': 4, 'min_samples_leaf': 10}","{'max_depth': None, 'max_features': 'sqrt', 'min_samples_leaf': 5, 'n_estimators': 200}","{'learning_rate': 0.05, 'max_depth': 2, 'n_estimators': 100}",{'var_smoothing': 1e-09},"{'n_neighbors': 31, 'weights': 'uniform'}"
17,{'C': 1},"{'max_depth': 4, 'min_samples_leaf': 10}","{'max_depth': 3, 'max_features': 'sqrt', 'min_samples_leaf': 5, 'n_estimators': 200}","{'learning_rate': 0.1, 'max_depth': 2, 'n_estimators': 100}",{'var_smoothing': 0.001},"{'n_neighbors': 21, 'weights': 'uniform'}"
18,{'C': 10},"{'max_depth': None, 'min_samples_leaf': 10}","{'max_depth': 5, 'max_features': 'sqrt', 'min_samples_leaf': 5, 'n_estimators': 200}","{'learning_rate': 0.05, 'max_depth': 4, 'n_estimators': 300}",{'var_smoothing': 1e-09},"{'n_neighbors': 21, 'weights': 'distance'}"
19,{'C': 1},"{'max_depth': 5, 'min_samples_leaf': 10}","{'max_depth': 3, 'max_features': 'sqrt', 'min_samples_leaf': 5, 'n_estimators': 200}","{'learning_rate': 0.05, 'max_depth': 2, 'n_estimators': 100}",{'var_smoothing': 0.001},"{'n_neighbors': 31, 'weights': 'distance'}"
20,{'C': 1},"{'max_depth': 4, 'min_samples_leaf': 10}","{'max_depth': 5, 'max_features': 'sqrt', 'min_samples_leaf': 5, 'n_estimators': 200}","{'learning_rate': 0.1, 'max_depth': 2, 'n_estimators': 100}",{'var_smoothing': 1e-09},"{'n_neighbors': 21, 'weights': 'uniform'}"
21,{'C': 1},"{'max_depth': 3, 'min_samples_leaf': 10}","{'max_depth': 3, 'max_features': 'sqrt', 'min_samples_leaf': 5, 'n_estimators': 200}","{'learning_rate': 0.05, 'max_depth': 4, 'n_estimators': 100}",{'var_smoothing': 1e-09},"{'n_neighbors': 21, 'weights': 'distance'}"
22,{'C': 1},"{'max_depth': 5, 'min_samples_leaf': 10}","{'max_depth': None, 'max_features': 'sqrt', 'min_samples_leaf': 5, 'n_estimators': 200}","{'learning_rate': 0.1, 'max_depth': 2, 'n_estimators': 100}",{'var_smoothing': 1e-09},"{'n_neighbors': 15, 'weights': 'uniform'}"
23,{'C': 1},"{'max_depth': 3, 'min_samples_leaf': 10}","{'max_depth': 5, 'max_features': 'sqrt', 'min_samples_leaf': 5, 'n_estimators': 200}","{'learning_rate': 0.1, 'max_depth': 2, 'n_estimators': 100}",{'var_smoothing': 1e-09},"{'n_neighbors': 31, 'weights': 'uniform'}"
24,{'C': 0.1},"{'max_depth': 3, 'min_samples_leaf': 1}","{'max_depth': 3, 'max_features': 'sqrt', 'min_samples_leaf': 5, 'n_estimators': 200}","{'learning_rate': 0.05, 'max_depth': 2, 'n_estimators': 100}",{'var_smoothing': 1e-09},"{'n_neighbors': 31, 'weights': 'distance'}"
25,{'C': 1},"{'max_depth': 4, 'min_samples_leaf': 10}","{'max_depth': None, 'max_features': 'sqrt', 'min_samples_leaf': 5, 'n_estimators': 200}","{'learning_rate': 0.1, 'max_depth': 3, 'n_estimators': 100}",{'var_smoothing': 0.001},"{'n_neighbors': 15, 'weights': 'uniform'}"
26,{'C': 10},"{'max_depth': 4, 'min_samples_leaf': 10}","{'max_depth': 3, 'max_features': 0.5, 'min_samples_leaf': 5, 'n_estimators': 200}","{'learning_rate': 0.1, 'max_depth': 2, 'n_estimators': 100}",{'var_smoothing': 1e-09},"{'n_neighbors': 21, 'weights': 'distance'}"
27,{'C': 0.1},"{'max_depth': 4, 'min_samples_leaf': 10}","{'max_depth': None, 'max_features': 'sqrt', 'min_samples_leaf': 5, 'n_estimators': 200}","{'learning_rate': 0.05, 'max_depth': 2, 'n_estimators': 100}",{'var_smoothing': 0.001},"{'n_neighbors': 31, 'weights': 'uniform'}"
28,{'C': 1},"{'max_depth': 4, 'min_samples_leaf': 10}","{'max_depth': 3, 'max_features': 'sqrt', 'min_samples_leaf': 5, 'n_estimators': 200}","{'learning_rate': 0.05, 'max_depth': 2, 'n_estimators': 100}",{'var_smoothing': 1e-09},"{'n_neighbors': 31, 'weights': 'uniform'}"
29,{'C': 1},"{'max_depth': 5, 'min_samples_leaf': 10}","{'max_depth': 3, 'max_features': 'sqrt', 'min_samples_leaf': 5, 'n_estimators': 200}","{'learning_rate': 0.05, 'max_depth': 2, 'n_estimators': 100}",{'var_smoothing': 0.001},"{'n_neighbors': 21, 'weights': 'uniform'}"
30,{'C': 1},"{'max_depth': 3, 'min_samples_leaf': 10}","{'max_depth': 3, 'max_features': 'sqrt', 'min_samples_leaf': 5, 'n_estimators': 200}","{'learning_rate': 0.05, 'max_depth': 2, 'n_estimators': 300}",{'var_smoothing': 1e-09},"{'n_neighbors': 31, 'weights': 'uniform'}"
31,{'C': 1},"{'max_depth': None, 'min_samples_leaf': 10}","{'max_depth': None, 'max_features': 'sqrt', 'min_samples_leaf': 5, 'n_estimators': 200}","{'learning_rate': 0.1, 'max_depth': 2, 'n_estimators': 100}",{'var_smoothing': 1e-09},"{'n_neighbors': 15, 'weights': 'distance'}"
32,{'C': 0.1},"{'max_depth': 5, 'min_samples_leaf': 10}","{'max_depth': None, 'max_features': 'sqrt', 'min_samples_leaf': 5, 'n_estimators': 200}","{'learning_rate': 0.05, 'max_depth': 2, 'n_estimators': 100}",{'var_smoothing': 0.001},"{'n_neighbors': 15, 'weights': 'uniform'}"
33,{'C': 1},"{'max_depth': 3, 'min_samples_leaf': 5}","{'max_depth': 3, 'max_features': 'sqrt', 'min_samples_leaf': 5, 'n_estimators': 200}","{'learning_rate': 0.05, 'max_depth': 2, 'n_estimators': 100}",{'var_smoothing': 0.001},"{'n_neighbors': 15, 'weights': 'uniform'}"
34,{'C': 1},"{'max_depth': 4, 'min_samples_leaf': 10}","{'max_depth': None, 'max_features': 0.5, 'min_samples_leaf': 5, 'n_estimators': 200}","{'learning_rate': 0.05, 'max_depth': 2, 'n_estimators': 300}",{'var_smoothing': 1e-09},"{'n_neighbors': 31, 'weights': 'uniform'}"
35,{'C': 10},"{'max_depth': None, 'min_samples_leaf': 10}","{'max_depth': None, 'max_features': 'sqrt', 'min_samples_leaf': 5, 'n_estimators': 200}","{'learning_rate': 0.05, 'max_depth': 3, 'n_estimators': 100}",{'var_smoothing': 1e-09},"{'n_neighbors': 31, 'weights': 'uniform'}"
36,{'C': 0.01},"{'max_depth': 5, 'min_samples_leaf': 10}","{'max_depth': 3, 'max_features': 'sqrt', 'min_samples_leaf': 1, 'n_estimators': 200}","{'learning_rate': 0.05, 'max_depth': 2, 'n_estimators': 300}",{'var_smoothing': 0.001},"{'n_neighbors': 31, 'weights': 'uniform'}"
37,{'C': 0.1},"{'max_depth': 3, 'min_samples_leaf': 1}","{'max_depth': 5, 'max_features': 'sqrt', 'min_samples_leaf': 5, 'n_estimators': 200}","{'learning_rate': 0.05, 'max_depth': 2, 'n_estimators': 100}",{'var_smoothing': 0.001},"{'n_neighbors': 21, 'weights': 'distance'}"
38,{'C': 0.1},"{'max_depth': 2, 'min_samples_leaf': 10}","{'max_depth': None, 'max_features': 'sqrt', 'min_samples_leaf': 5, 'n_estimators': 200}","{'learning_rate': 0.05, 'max_depth': 2, 'n_estimators': 100}",{'var_smoothing': 0.001},"{'n_neighbors': 21, 'weights': 'distance'}"
39,{'C': 1},"{'max_depth': 3, 'min_samples_leaf': 10}","{'max_depth': 3, 'max_features': 'sqrt', 'min_samples_leaf': 5, 'n_estimators': 200}","{'learning_rate': 0.05, 'max_depth': 2, 'n_estimators': 100}",{'var_smoothing': 1e-09},"{'n_neighbors': 31, 'weights': 'uniform'}"
40,{'C': 10},"{'max_depth': 5, 'min_samples_leaf': 10}","{'max_depth': 3, 'max_features': 'sqrt', 'min_samples_leaf': 5, 'n_estimators': 200}","{'learning_rate': 0.05, 'max_depth': 2, 'n_estimators': 300}",{'var_smoothing': 0.001},"{'n_neighbors': 31, 'weights': 'uniform'}"
41,{'C': 1},"{'max_depth': 5, 'min_samples_leaf': 10}","{'max_depth': 3, 'max_features': 'sqrt', 'min_samples_leaf': 5, 'n_estimators': 200}","{'learning_rate': 0.05, 'max_depth': 2, 'n_estimators': 100}",{'var_smoothing': 1e-09},"{'n_neighbors': 31, 'weights': 'uniform'}"
42,{'C': 10},"{'max_depth': 5, 'min_samples_leaf': 10}","{'max_depth': 5, 'max_features': 'sqrt', 'min_samples_leaf': 5, 'n_estimators': 200}","{'learning_rate': 0.05, 'max_depth': 2, 'n_estimators': 100}",{'var_smoothing': 1e-09},"{'n_neighbors': 31, 'weights': 'distance'}"
43,{'C': 10},"{'max_depth': 4, 'min_samples_leaf': 10}","{'max_depth': 5, 'max_features': 'sqrt', 'min_samples_leaf': 1, 'n_estimators': 200}","{'learning_rate': 0.05, 'max_depth': 2, 'n_estimators': 100}",{'var_smoothing': 0.001},"{'n_neighbors': 31, 'weights': 'distance'}"
44,{'C': 10},"{'max_depth': 5, 'min_samples_leaf': 10}","{'max_depth': 3, 'max_features': 'sqrt', 'min_samples_leaf': 5, 'n_estimators': 200}","{'learning_rate': 0.05, 'max_depth': 2, 'n_estimators': 100}",{'var_smoothing': 1e-09},"{'n_neighbors': 15, 'weights': 'uniform'}"
45,{'C': 1},"{'max_depth': None, 'min_samples_leaf': 10}","{'max_depth': 3, 'max_features': 'sqrt', 'min_samples_leaf': 5, 'n_estimators': 200}","{'learning_rate': 0.1, 'max_depth': 2, 'n_estimators': 100}",{'var_smoothing': 0.001},"{'n_neighbors': 15, 'weights': 'uniform'}"
46,{'C': 0.1},"{'max_depth': 4, 'min_samples_leaf': 10}","{'max_depth': 3, 'max_features': 'sqrt', 'min_samples_leaf': 5, 'n_estimators': 200}","{'learning_rate': 0.05, 'max_depth': 2, 'n_estimators': 100}",{'var_smoothing': 0.001},"{'n_neighbors': 31, 'weights': 'distance'}"
47,{'C': 1},"{'max_depth': None, 'min_samples_leaf': 10}","{'max_depth': 3, 'max_features': 'sqrt', 'min_samples_leaf': 1, 'n_estimators': 200}","{'learning_rate': 0.05, 'max_depth': 2, 'n_estimators': 100}",{'var_smoothing': 1e-09},"{'n_neighbors': 31, 'weights': 'uniform'}"
48,{'C': 1},"{'max_depth': 3, 'min_samples_leaf': 10}","{'max_depth': 5, 'max_features': 'sqrt', 'min_samples_leaf': 5, 'n_estimators': 200}","{'learning_rate': 0.05, 'max_depth': 2, 'n_estimators': 100}",{'var_smoothing': 0.001},"{'n_neighbors': 31, 'weights': 'distance'}"
49,{'C': 0.1},"{'max_depth': 4, 'min_samples_leaf': 10}","{'max_depth': None, 'max_features': 'sqrt', 'min_samples_leaf': 5, 'n_estimators': 200}","{'learning_rate': 0.05, 'max_depth': 2, 'n_estimators': 100}",{'var_smoothing': 0.001},"{'n_neighbors': 31, 'weights': 'distance'}"
