model,max_depth,seed,Accuracy,Precision,Recall,F1,AUC,Specificity,MCC
DT,2,0,0.7463414634146341,0.6774193548387096,0.9813084112149533,0.8015267175572519,0.8522315468243371,0.4897959183673469,0.547988154820953
DT,3,0,0.8390243902439024,0.8425925925925926,0.8504672897196262,0.8465116279069768,0.9117394621399961,0.826530612244898,0.6773209434019872
DT,4,0,0.8439024390243902,0.8787878787878788,0.8130841121495327,0.8446601941747572,0.9365344268548541,0.8775510204081632,0.6903718328407087
DT,5,0,0.9024390243902439,0.8782608695652174,0.9439252336448598,0.9099099099099099,0.9598512302117109,0.8571428571428571,0.8063139702438009
DT,6,0,0.9365853658536586,0.9196428571428571,0.9626168224299065,0.9406392694063926,0.9893667747472821,0.9081632653061225,0.8737011965364764
DT,7,0,0.9707317073170731,0.954954954954955,0.9906542056074766,0.9724770642201835,0.9965668510394812,0.9489795918367347,0.9419723172600989
DT,8,0,0.9804878048780488,0.963963963963964,1.0,0.981651376146789,0.9977112340263208,0.9591836734693877,0.9615708481682812
DT,None,0,1.0,1.0,1.0,1.0,1.0,1.0,1.0
RF,2,0,0.8780487804878049,0.8596491228070176,0.9158878504672897,0.8868778280542986,0.9520312798016403,0.8367346938775511,0.7566743773628007
RF,3,0,0.8731707317073171,0.8584070796460177,0.9065420560747663,0.8818181818181818,0.9629982834255197,0.8367346938775511,0.7464871554243774
RF,4,0,0.9170731707317074,0.8879310344827587,0.9626168224299065,0.9237668161434978,0.9757772267785619,0.8673469387755102,0.836450141367481
RF,5,0,0.9365853658536586,0.9122807017543859,0.9719626168224299,0.9411764705882353,0.988556170131604,0.8979591836734694,0.8746051280161516
RF,6,0,0.9853658536585366,0.9727272727272728,1.0,0.9861751152073732,0.9979019645241275,0.9693877551020408,0.9710560783166036
RF,8,0,0.9951219512195122,0.9907407407407407,1.0,0.9953488372093023,1.0,0.9897959183673469,0.9902682168712813
RF,None,0,1.0,1.0,1.0,1.0,0.9999999999999999,1.0,1.0
XGB,1,0,0.8975609756097561,0.8771929824561403,0.9345794392523364,0.9049773755656109,0.966908258630555,0.8571428571428571,0.7959846275805844
XGB,2,0,0.9902439024390244,0.9906542056074766,0.9906542056074766,0.9906542056074766,0.9983787907686439,0.9897959183673469,0.9804501239748236
XGB,3,0,1.0,1.0,1.0,1.0,0.9999999999999999,1.0,1.0
XGB,4,0,1.0,1.0,1.0,1.0,1.0,1.0,1.0
XGB,6,0,1.0,1.0,1.0,1.0,1.0,1.0,1.0
DT,2,1,0.8,0.7669902912621359,0.8229166666666666,0.7939698492462312,0.873709862385321,0.7798165137614679,0.601527196009102
DT,3,1,0.8195121951219512,0.7657657657657657,0.8854166666666666,0.821256038647343,0.8706517584097859,0.7614678899082569,0.647813855368326
DT,4,1,0.7902439024390244,0.712,0.9270833333333334,0.8054298642533937,0.9238340978593272,0.6697247706422018,0.6104970605438831
DT,5,1,0.8878048780487805,0.8288288288288288,0.9583333333333334,0.8888888888888888,0.9585244648318043,0.8256880733944955,0.7851477130213838
DT,6,1,0.8878048780487805,0.8476190476190476,0.9270833333333334,0.8855721393034826,0.979644495412844,0.8532110091743119,0.7789555465386494
DT,7,1,0.9365853658536586,0.946236559139785,0.9166666666666666,0.9312169312169312,0.9939793577981652,0.9541284403669725,0.8727992411161164
DT,8,1,0.9609756097560975,0.9489795918367347,0.96875,0.9587628865979382,0.998184250764526,0.9541284403669725,0.9219098161943416
DT,None,1,1.0,1.0,1.0,1.0,1.0,1.0,1.0
RF,2,1,0.8097560975609757,0.7614678899082569,0.8645833333333334,0.8097560975609757,0.9324350152905199,0.7614678899082569,0.6260512232415902
RF,3,1,0.848780487804878,0.7927927927927928,0.9166666666666666,0.8502415458937198,0.9473432721712538,0.7889908256880734,0.7066712229339221
RF,4,1,0.8634146341463415,0.8207547169811321,0.90625,0.8613861386138614,0.9655963302752294,0.8256880733944955,0.7308911009326691
RF,5,1,0.9170731707317074,0.8691588785046729,0.96875,0.916256157635468,0.9888188073394496,0.8715596330275229,0.8394276704770474
RF,6,1,0.975609756097561,0.9789473684210527,0.96875,0.9738219895287958,0.9967507645259939,0.981651376146789,0.9510377955640722
RF,8,1,1.0,1.0,1.0,1.0,1.0,1.0,1.0
RF,None,1,1.0,1.0,1.0,1.0,1.0,1.0,1.0
XGB,1,1,0.8731707317073171,0.8301886792452831,0.9166666666666666,0.8712871287128713,0.9664564220183486,0.8348623853211009,0.7504540563695665
XGB,2,1,0.975609756097561,0.9789473684210527,0.96875,0.9738219895287958,0.9980886850152906,0.981651376146789,0.9510377955640722
XGB,3,1,1.0,1.0,1.0,1.0,1.0,1.0,1.0
XGB,4,1,1.0,1.0,1.0,1.0,0.9999999999999999,1.0,1.0
XGB,6,1,1.0,1.0,1.0,1.0,1.0,1.0,1.0
DT,2,2,0.775609756097561,0.7547169811320755,0.8,0.7766990291262136,0.8440952380952382,0.7523809523809524,0.552538843180913
DT,3,2,0.8341463414634146,0.7844827586206896,0.91,0.8425925925925926,0.9053809523809524,0.7619047619047619,0.677607759539595
DT,4,2,0.8341463414634146,0.7796610169491526,0.92,0.8440366972477065,0.9124761904761906,0.7523809523809524,0.6800007967335785
DT,5,2,0.8731707317073171,0.8490566037735849,0.9,0.8737864077669902,0.9606666666666667,0.8476190476190476,0.7478327446500288
DT,6,2,0.8878048780487805,0.9325842696629213,0.83,0.8783068783068783,0.9753333333333334,0.9428571428571428,0.7794170047716248
DT,7,2,0.9170731707317074,0.8738738738738738,0.97,0.919431279620853,0.9823809523809524,0.8666666666666667,0.8393086520950245
DT,8,2,0.9365853658536586,0.9065420560747663,0.97,0.9371980676328503,0.9918095238095238,0.9047619047619048,0.8753456631884112
DT,None,2,1.0,1.0,1.0,1.0,1.0,1.0,1.0
RF,2,2,0.8097560975609757,0.7904761904761904,0.83,0.8097560975609757,0.9195238095238095,0.7904761904761904,0.6204761904761905
RF,3,2,0.848780487804878,0.8108108108108109,0.9,0.8530805687203792,0.9324761904761905,0.8,0.7022104260555981
RF,4,2,0.8585365853658536,0.8317757009345794,0.89,0.8599033816425121,0.9532380952380952,0.8285714285714286,0.7190509557709921
RF,5,2,0.9219512195121952,0.8888888888888888,0.96,0.9230769230769231,0.9705714285714285,0.8857142857142857,0.8466824763984949
RF,6,2,0.9804878048780488,0.98,0.98,0.98,0.9877142857142858,0.9809523809523809,0.960952380952381
RF,8,2,0.9902439024390244,0.9803921568627451,1.0,0.9900990099009901,1.0,0.9809523809523809,0.9806722289029858
RF,None,2,1.0,1.0,1.0,1.0,1.0,1.0,1.0
XGB,1,2,0.8731707317073171,0.8425925925925926,0.91,0.875,0.9543809523809523,0.8380952380952381,0.7489516725349299
XGB,2,2,0.9463414634146341,0.9405940594059405,0.95,0.945273631840796,0.9874285714285714,0.9428571428571428,0.8926871234053764
XGB,3,2,1.0,1.0,1.0,1.0,1.0,1.0,1.0
XGB,4,2,1.0,1.0,1.0,1.0,1.0,1.0,1.0
XGB,6,2,0.9853658536585366,1.0,0.97,0.9847715736040609,1.0,1.0,0.9711104754638142
DT,2,3,0.7317073170731707,0.72,0.7272727272727273,0.7236180904522613,0.8302363255193443,0.7358490566037735,0.46298944445848916
DT,3,3,0.8292682926829268,0.7711864406779662,0.9191919191919192,0.8387096774193549,0.9001810558414333,0.7452830188679245,0.6718131575612688
DT,4,3,0.8439024390243902,0.8316831683168316,0.8484848484848485,0.84,0.9343910806174958,0.839622641509434,0.6877798665457271
DT,5,3,0.8878048780487805,0.8220338983050848,0.9797979797979798,0.8940092165898618,0.9615494568324757,0.8018867924528302,0.7903174145238904
DT,6,3,0.8975609756097561,0.8979591836734694,0.8888888888888888,0.8934010152284264,0.9651229273870783,0.9056603773584906,0.7948522980151655
DT,7,3,0.9414634146341463,1.0,0.8787878787878788,0.9354838709677419,0.9814179531160664,1.0,0.8884928924465826
DT,8,3,0.9658536585365853,0.96,0.9696969696969697,0.964824120603015,0.9831332189822756,0.9622641509433962,0.9316948079843671
DT,None,3,0.9853658536585366,1.0,0.9696969696969697,0.9846153846153847,0.9848484848484849,1.0,0.9710860220774045
RF,2,3,0.824390243902439,0.8,0.8484848484848485,0.8235294117647058,0.9142367066895369,0.8018867924528302,0.6501857939154709
RF,3,3,0.8439024390243902,0.819047619047619,0.8686868686868687,0.8431372549019608,0.933009338669716,0.8207547169811321,0.6892445742092941
RF,4,3,0.8878048780487805,0.8454545454545455,0.9393939393939394,0.8899521531100478,0.9515913855536497,0.839622641509434,0.7806548930828947
RF,5,3,0.9073170731707317,0.9,0.9090909090909091,0.9045226130653267,0.9751286449399656,0.9056603773584906,0.8145184671028977
RF,6,3,0.9560975609756097,0.9326923076923077,0.9797979797979798,0.9556650246305419,0.9920907185058129,0.9339622641509434,0.913325182150253
RF,8,3,0.9951219512195122,0.99,1.0,0.9949748743718593,0.9999999999999999,0.9905660377358491,0.9902829784251018
RF,None,3,1.0,1.0,1.0,1.0,0.9999999999999999,1.0,1.0
XGB,1,3,0.8731707317073171,0.8476190476190476,0.898989898989899,0.8725490196078431,0.9531160663236136,0.8490566037735849,0.7478327446500288
XGB,2,3,0.9463414634146341,0.9583333333333334,0.9292929292929293,0.9435897435897436,0.9917095483133218,0.9622641509433962,0.8928342003298149
XGB,3,3,0.9853658536585366,1.0,0.9696969696969697,0.9846153846153847,1.0,1.0,0.9710860220774045
XGB,4,3,0.9853658536585366,1.0,0.9696969696969697,0.9846153846153847,0.9999999999999999,1.0,0.9710860220774045
XGB,6,3,1.0,1.0,1.0,1.0,1.0,1.0,1.0
DT,2,4,0.7804878048780488,0.8955223880597015,0.6122448979591837,0.7272727272727273,0.8802689300019073,0.9345794392523364,0.5823389209178764
DT,3,4,0.8390243902439024,0.782608695652174,0.9183673469387755,0.8450704225352113,0.907543391188251,0.7663551401869159,0.6892064650417251
DT,4,4,0.8292682926829268,0.7692307692307693,0.9183673469387755,0.8372093023255814,0.932576769025367,0.7476635514018691,0.6721481955465782
DT,5,4,0.9073170731707317,0.8623853211009175,0.9591836734693877,0.9082125603864735,0.964857905779134,0.8598130841121495,0.8198572539584763
DT,6,4,0.9024390243902439,0.8482142857142857,0.9693877551020408,0.9047619047619048,0.9736315086782377,0.8411214953271028,0.8132281753765757
DT,7,4,0.9463414634146341,0.9065420560747663,0.9897959183673469,0.9463414634146341,0.9928952889567042,0.9065420560747663,0.8963379744421133
DT,8,4,0.9609756097560975,0.96875,0.9489795918367347,0.9587628865979382,0.9959946595460614,0.9719626168224299,0.9219098161943416
DT,None,4,1.0,1.0,1.0,1.0,1.0,1.0,1.0
RF,2,4,0.8439024390243902,0.8235294117647058,0.8571428571428571,0.84,0.8992942971581156,0.8317757009345794,0.6882625074971686
RF,3,4,0.8439024390243902,0.8,0.8979591836734694,0.8461538461538461,0.9162693114629029,0.794392523364486,0.6935432492453066
RF,4,4,0.848780487804878,0.7964601769911505,0.9183673469387755,0.8530805687203792,0.9341026130078199,0.7850467289719626,0.7064523041326928
RF,5,4,0.9024390243902439,0.8545454545454545,0.9591836734693877,0.9038461538461539,0.9608048827007438,0.8504672897196262,0.8110443782496768
RF,6,4,0.9463414634146341,0.9306930693069307,0.9591836734693877,0.9447236180904522,0.977684531756628,0.9345794392523364,0.8929969934310231
RF,8,4,0.9853658536585366,0.9702970297029703,1.0,0.9849246231155779,0.9982834255197407,0.9719626168224299,0.97112946618107
RF,None,4,1.0,1.0,1.0,1.0,1.0,1.0,1.0
XGB,1,4,0.8634146341463415,0.8240740740740741,0.9081632653061225,0.8640776699029126,0.931241655540721,0.822429906542056,0.7309417872098358
XGB,2,4,0.9560975609756097,0.9494949494949495,0.9591836734693877,0.9543147208121827,0.9732023650581727,0.9532710280373832,0.912106834661682
XGB,3,4,0.9853658536585366,0.9702970297029703,1.0,0.9849246231155779,1.0,0.9719626168224299,0.97112946618107
XGB,4,4,1.0,1.0,1.0,1.0,1.0,1.0,1.0
XGB,6,4,1.0,1.0,1.0,1.0,1.0,1.0,1.0
DT,2,5,0.7853658536585366,0.8717948717948718,0.6666666666666666,0.7555555555555555,0.8306681896059395,0.9029126213592233,0.5865752370641115
DT,3,5,0.8097560975609757,0.7647058823529411,0.8921568627450981,0.8235294117647058,0.8709784884827718,0.7281553398058253,0.628501496991204
DT,4,5,0.8341463414634146,0.8333333333333334,0.8333333333333334,0.8333333333333334,0.9119550732914525,0.8349514563106796,0.6682847896440129
DT,5,5,0.8926829268292683,0.8703703703703703,0.9215686274509803,0.8952380952380953,0.9555492099752523,0.8640776699029126,0.7867704162538351
DT,6,5,0.9365853658536586,0.9009009009009009,0.9803921568627451,0.9389671361502347,0.9794879116695222,0.8932038834951457,0.876604990852228
DT,7,5,0.9707317073170731,0.9528301886792453,0.9901960784313726,0.9711538461538461,0.9974776318294308,0.9514563106796117,0.9421906300175303
DT,8,5,0.9707317073170731,0.98,0.9607843137254902,0.9702970297029703,0.9840567294879117,0.9805825242718447,0.9416357615388863
DT,None,5,0.9853658536585366,1.0,0.9705882352941176,0.9850746268656716,0.9852941176470589,1.0,0.9711430156968318
RF,2,5,0.8536585365853658,0.8214285714285714,0.9019607843137255,0.8598130841121495,0.9325147534742051,0.8058252427184466,0.7108372814154305
RF,3,5,0.8634146341463415,0.8189655172413793,0.9313725490196079,0.8715596330275229,0.9427945935655816,0.7961165048543689,0.7338734285290671
RF,4,5,0.8731707317073171,0.8275862068965517,0.9411764705882353,0.8807339449541285,0.9577384351798972,0.8058252427184466,0.7535573292026846
RF,5,5,0.9073170731707317,0.8807339449541285,0.9411764705882353,0.909952606635071,0.9772510946126024,0.8737864077669902,0.8165967737799162
RF,6,5,0.9609756097560975,0.9433962264150944,0.9803921568627451,0.9615384615384616,0.9919093851132685,0.941747572815534,0.9226668173061593
RF,8,5,0.9902439024390244,0.9807692307692307,1.0,0.9902912621359223,1.0,0.9805825242718447,0.9806758730772608
RF,None,5,1.0,1.0,1.0,1.0,1.0,1.0,1.0
XGB,1,5,0.8780487804878049,0.8468468468468469,0.9215686274509803,0.8826291079812206,0.9593565581572435,0.8349514563106796,0.7591257863688721
XGB,2,5,0.9658536585365853,0.9611650485436893,0.9705882352941176,0.9658536585365853,0.9938130592042642,0.9611650485436893,0.931753283837807
XGB,3,5,1.0,1.0,1.0,1.0,0.9999999999999999,1.0,1.0
XGB,4,5,1.0,1.0,1.0,1.0,1.0,1.0,1.0
XGB,6,5,1.0,1.0,1.0,1.0,1.0,1.0,1.0
DT,2,6,0.7463414634146341,0.835820895522388,0.5773195876288659,0.6829268292682927,0.8510404734631538,0.8981481481481481,0.5061064268769171
DT,3,6,0.8634146341463415,0.8108108108108109,0.9278350515463918,0.8653846153846154,0.9108438335242458,0.8055555555555556,0.7348651839891948
DT,4,6,0.8536585365853658,0.768,0.9896907216494846,0.8648648648648649,0.9345647193585338,0.7314814814814815,0.7381365723668247
DT,5,6,0.8780487804878049,0.8461538461538461,0.9072164948453608,0.8756218905472637,0.9590969835815196,0.8518518518518519,0.7580559658662409
DT,6,6,0.9024390243902439,0.8532110091743119,0.9587628865979382,0.9029126213592233,0.9775677739595265,0.8518518518518519,0.8110794072976096
DT,7,6,0.9707317073170731,0.9595959595959596,0.979381443298969,0.9693877551020408,0.998377243222604,0.9629629629629629,0.9415358738039596
DT,8,6,0.9853658536585366,0.97,1.0,0.9847715736040609,1.0,0.9722222222222222,0.9711104754638142
DT,None,6,0.9853658536585366,0.97,1.0,0.9847715736040609,0.986111111111111,0.9722222222222222,0.9711104754638142
RF,2,6,0.8439024390243902,0.8350515463917526,0.8350515463917526,0.8350515463917526,0.9154257350133639,0.8518518518518519,0.6869033982436045
RF,3,6,0.8829268292682927,0.8613861386138614,0.8969072164948454,0.8787878787878788,0.9351851851851853,0.8703703703703703,0.7662542572475911
RF,4,6,0.9170731707317074,0.8846153846153846,0.9484536082474226,0.9154228855721394,0.9475945017182131,0.8888888888888888,0.8362257208977195
RF,5,6,0.9463414634146341,0.9134615384615384,0.979381443298969,0.945273631840796,0.9609583810614739,0.9166666666666666,0.8948530371713285
RF,6,6,0.9560975609756097,0.9230769230769231,0.9896907216494846,0.9552238805970149,0.9723176785032455,0.9259259259259259,0.9143954759291981
RF,8,6,0.9707317073170731,0.941747572815534,1.0,0.97,0.9894043528064147,0.9444444444444444,0.9430950446347764
RF,None,6,0.9853658536585366,0.97,1.0,0.9847715736040609,0.9958476517754867,0.9722222222222222,0.9711104754638142
XGB,1,6,0.8926829268292683,0.8712871287128713,0.9072164948453608,0.8888888888888888,0.93938526155021,0.8796296296296297,0.7857966960054608
XGB,2,6,0.9463414634146341,0.9387755102040817,0.9484536082474226,0.9435897435897436,0.9726040473463154,0.9444444444444444,0.8924721939121268
XGB,3,6,0.9707317073170731,0.941747572815534,1.0,0.97,0.9988545246277205,0.9444444444444444,0.9430950446347764
XGB,4,6,0.9853658536585366,0.97,1.0,0.9847715736040609,0.9988545246277205,0.9722222222222222,0.9711104754638142
XGB,6,6,0.9853658536585366,0.97,1.0,0.9847715736040609,0.9951317296678122,0.9722222222222222,0.9711104754638142
DT,2,7,0.751219512195122,0.9012345679012346,0.6293103448275862,0.7411167512690355,0.8629891514916699,0.9101123595505618,0.5468898560075267
DT,3,7,0.8634146341463415,0.8728813559322034,0.8879310344827587,0.8803418803418803,0.913938395970554,0.8314606741573034,0.7214210263769869
DT,4,7,0.8585365853658536,0.9065420560747663,0.8362068965517241,0.8699551569506726,0.9486633087950407,0.8876404494382022,0.7182341613741452
DT,5,7,0.926829268292683,0.904,0.9741379310344828,0.9377593360995851,0.9852770244091438,0.8651685393258427,0.852794850223207
DT,6,7,0.926829268292683,0.954954954954955,0.9137931034482759,0.933920704845815,0.9917183262301434,0.9438202247191011,0.853080674218745
DT,7,7,0.9707317073170731,0.9910714285714286,0.9568965517241379,0.9736842105263158,0.9977721813250677,0.9887640449438202,0.941475029366488
DT,8,7,0.975609756097561,0.9743589743589743,0.9827586206896551,0.9785407725321889,0.9989829523440528,0.9662921348314607,0.9503403524061322
DT,None,7,1.0,1.0,1.0,1.0,1.0,1.0,1.0
RF,2,7,0.8780487804878049,0.8956521739130435,0.8879310344827587,0.8917748917748918,0.9342309182487408,0.8651685393258427,0.7521530568338661
RF,3,7,0.8926829268292683,0.9122807017543859,0.896551724137931,0.9043478260869565,0.9492444788841534,0.8876404494382022,0.7823000891379456
RF,4,7,0.8975609756097561,0.8991596638655462,0.9224137931034483,0.9106382978723404,0.9639674544750096,0.8651685393258427,0.791037836270446
RF,5,7,0.9219512195121952,0.9310344827586207,0.9310344827586207,0.9310344827586207,0.9824680356450988,0.9101123595505618,0.8411468423091825
RF,6,7,0.9365853658536586,0.9557522123893806,0.9310344827586207,0.9432314410480349,0.9930259589306469,0.9438202247191011,0.8718199354234393
RF,8,7,0.9902439024390244,1.0,0.9827586206896551,0.991304347826087,1.0,1.0,0.980387438783794
RF,None,7,1.0,1.0,1.0,1.0,1.0,1.0,1.0
XGB,1,7,0.8975609756097561,0.905982905982906,0.9137931034482759,0.9098712446351931,0.9459511817125145,0.8764044943820225,0.7912713405724869
XGB,2,7,0.9560975609756097,1.0,0.9224137931034483,0.9596412556053812,0.988376598217745,1.0,0.9152607946963716
XGB,3,7,0.9804878048780488,1.0,0.9655172413793104,0.9824561403508771,1.0,1.0,0.9612437870250079
XGB,4,7,1.0,1.0,1.0,1.0,1.0,1.0,1.0
XGB,6,7,0.9804878048780488,1.0,0.9655172413793104,0.9824561403508771,1.0,1.0,0.9612437870250079
DT,2,8,0.7463414634146341,0.7661290322580645,0.8050847457627118,0.7851239669421488,0.814728229105786,0.6666666666666666,0.4769364195644921
DT,3,8,0.848780487804878,0.865546218487395,0.8728813559322034,0.869198312236287,0.9140853302162478,0.8160919540229885,0.6900496211912462
DT,4,8,0.8585365853658536,0.8201438848920863,0.9661016949152542,0.8871595330739299,0.943941165010715,0.7126436781609196,0.7180061169032502
DT,5,8,0.8878048780487805,0.88,0.9322033898305084,0.9053497942386831,0.9734073641145529,0.8275862068965517,0.7698284779397986
DT,6,8,0.9219512195121952,0.9636363636363636,0.8983050847457628,0.9298245614035088,0.990746152347555,0.9540229885057471,0.8447909988097201
DT,7,8,0.9560975609756097,0.990990990990991,0.9322033898305084,0.9606986899563319,0.9973212546269239,0.9885057471264368,0.9132667932348988
DT,8,8,0.975609756097561,1.0,0.9576271186440678,0.9783549783549783,0.9993181375413989,1.0,0.9516208102725827
DT,None,8,1.0,1.0,1.0,1.0,1.0,1.0,1.0
RF,2,8,0.8731707317073171,0.8770491803278688,0.9067796610169492,0.8916666666666667,0.929281122150789,0.8275862068965517,0.739425037148397
RF,3,8,0.8731707317073171,0.8650793650793651,0.923728813559322,0.8934426229508197,0.9453535943892462,0.8045977011494253,0.7396528457159741
RF,4,8,0.8975609756097561,0.9008264462809917,0.923728813559322,0.9121338912133892,0.9643483343074226,0.8620689655172413,0.7897308412581224
RF,5,8,0.9365853658536586,0.9411764705882353,0.9491525423728814,0.9451476793248945,0.9812000779271381,0.9195402298850575,0.8700498404896839
RF,6,8,0.9804878048780488,0.9830508474576272,0.9830508474576272,0.9830508474576272,0.9963958698616793,0.9770114942528736,0.9600623417105006
RF,8,8,0.9951219512195122,0.9915966386554622,1.0,0.9957805907172996,1.0,0.9885057471264368,0.9900499866886423
RF,None,8,1.0,1.0,1.0,1.0,1.0,1.0,1.0
XGB,1,8,0.8829268292682927,0.8983050847457628,0.8983050847457628,0.8983050847457628,0.9513929475939996,0.8620689655172413,0.7603740502630041
XGB,2,8,0.975609756097561,0.991304347826087,0.9661016949152542,0.9785407725321889,0.9957140074030782,0.9885057471264368,0.9507257808321979
XGB,3,8,1.0,1.0,1.0,1.0,1.0,1.0,1.0
XGB,4,8,1.0,1.0,1.0,1.0,0.9999999999999999,1.0,1.0
XGB,6,8,1.0,1.0,1.0,1.0,0.9999999999999999,1.0,1.0
DT,2,9,0.7804878048780488,0.8017241379310345,0.808695652173913,0.8051948051948052,0.8532367149758454,0.7444444444444445,0.5538361736815285
DT,3,9,0.848780487804878,0.8333333333333334,0.9130434782608695,0.8713692946058091,0.9165700483091785,0.7666666666666667,0.6930987389408236
DT,4,9,0.8585365853658536,0.8524590163934426,0.9043478260869565,0.8776371308016878,0.9260386473429953,0.8,0.7120957469136144
DT,5,9,0.8634146341463415,0.8717948717948718,0.8869565217391304,0.8793103448275862,0.9404830917874396,0.8333333333333334,0.722176256875749
DT,6,9,0.9073170731707317,0.9067796610169492,0.9304347826086956,0.9184549356223176,0.9517391304347825,0.8777777777777778,0.8115123629246261
DT,7,9,0.9512195121951219,0.9646017699115044,0.9478260869565217,0.956140350877193,0.9683091787439613,0.9555555555555556,0.9013807947786758
DT,8,9,0.9512195121951219,0.9646017699115044,0.9478260869565217,0.956140350877193,0.9714975845410627,0.9555555555555556,0.9013807947786758
DT,None,9,0.9707317073170731,1.0,0.9478260869565217,0.9732142857142857,0.9739130434782608,1.0,0.9426489041640791
RF,2,9,0.8829268292682927,0.8888888888888888,0.9043478260869565,0.896551724137931,0.9391304347826087,0.8555555555555555,0.7618935292190162
RF,3,9,0.8878048780487805,0.8898305084745762,0.9130434782608695,0.9012875536480687,0.9485024154589372,0.8555555555555555,0.7717371006653199
RF,4,9,0.9073170731707317,0.9,0.9391304347826087,0.9191489361702128,0.9632850241545894,0.8666666666666667,0.8117004558385594
RF,5,9,0.9170731707317074,0.9152542372881356,0.9391304347826087,0.927038626609442,0.9763285024154589,0.8888888888888888,0.8313999940542792
RF,6,9,0.9609756097560975,0.9734513274336283,0.9565217391304348,0.9649122807017544,0.986280193236715,0.9666666666666667,0.9211436892096521
RF,8,9,0.9804878048780488,0.9911504424778761,0.9739130434782609,0.9824561403508771,0.9950724637681159,0.9888888888888889,0.9606694780716047
RF,None,9,0.9853658536585366,1.0,0.9739130434782609,0.986784140969163,0.9985507246376811,1.0,0.9708225861034753
XGB,1,9,0.9024390243902439,0.9130434782608695,0.9130434782608695,0.9130434782608695,0.9681642512077294,0.8888888888888888,0.8019323671497585
XGB,2,9,0.9609756097560975,0.9908256880733946,0.9391304347826087,0.9642857142857143,0.9893719806763285,0.9888888888888889,0.9229503286947991
XGB,3,9,0.9853658536585366,1.0,0.9739130434782609,0.986784140969163,1.0,1.0,0.9708225861034753
XGB,4,9,0.9853658536585366,1.0,0.9739130434782609,0.986784140969163,1.0,1.0,0.9708225861034753
XGB,6,9,0.9853658536585366,1.0,0.9739130434782609,0.986784140969163,0.9979710144927536,1.0,0.9708225861034753
DT,2,10,0.7853658536585366,0.9102564102564102,0.6574074074074074,0.7634408602150538,0.8677453226422299,0.9278350515463918,0.6018446571191114
DT,3,10,0.824390243902439,0.8214285714285714,0.8518518518518519,0.8363636363636363,0.8872184039709813,0.7938144329896907,0.6475232523943366
DT,4,10,0.7902439024390244,0.7927927927927928,0.8148148148148148,0.8036529680365296,0.9033505154639175,0.7628865979381443,0.5788629563325012
DT,5,10,0.8780487804878049,0.8373983739837398,0.9537037037037037,0.8917748917748918,0.951508209240168,0.7938144329896907,0.7618333794221555
DT,6,10,0.9365853658536586,0.9439252336448598,0.9351851851851852,0.9395348837209302,0.9838678885070637,0.9381443298969072,0.872912989320296
DT,7,10,0.9609756097560975,0.9545454545454546,0.9722222222222222,0.963302752293578,0.9950840015273005,0.9484536082474226,0.9218204572968006
DT,8,10,0.975609756097561,0.9813084112149533,0.9722222222222222,0.9767441860465116,0.9989022527682322,0.979381443298969,0.9511498076876195
DT,None,10,1.0,1.0,1.0,1.0,1.0,1.0,1.0
RF,2,10,0.8341463414634146,0.8425925925925926,0.8425925925925926,0.8425925925925926,0.9096029018709431,0.8247422680412371,0.6673348606338297
RF,3,10,0.8634146341463415,0.8636363636363636,0.8796296296296297,0.8715596330275229,0.9264986636120657,0.845360824742268,0.7258917960776776
RF,4,10,0.8926829268292683,0.8839285714285714,0.9166666666666666,0.9,0.9428216876670485,0.865979381443299,0.7848969761060268
RF,5,10,0.9219512195121952,0.9035087719298246,0.9537037037037037,0.9279279279279279,0.9581901489117983,0.8865979381443299,0.8444225746597328
RF,6,10,0.9317073170731708,0.9351851851851852,0.9351851851851852,0.9351851851851852,0.9789041618938525,0.9278350515463918,0.8630202367315769
RF,8,10,0.9853658536585366,0.972972972972973,1.0,0.9863013698630136,0.9979954180985109,0.9690721649484536,0.9710206101598731
RF,None,10,1.0,1.0,1.0,1.0,1.0,1.0,1.0
XGB,1,10,0.8878048780487805,0.8828828828828829,0.9074074074074074,0.8949771689497716,0.9376670484917907,0.865979381443299,0.7749417832461871
XGB,2,10,0.9463414634146341,0.944954128440367,0.9537037037037037,0.9493087557603687,0.9733676975945018,0.9381443298969072,0.8923592678263739
XGB,3,10,0.9853658536585366,0.972972972972973,1.0,0.9863013698630136,1.0,0.9690721649484536,0.9710206101598731
XGB,4,10,1.0,1.0,1.0,1.0,0.9999999999999999,1.0,1.0
XGB,6,10,1.0,1.0,1.0,1.0,1.0,1.0,1.0
DT,2,11,0.775609756097561,0.7818181818181819,0.7962962962962963,0.7889908256880734,0.8372470408552883,0.7525773195876289,0.549556000980467
DT,3,11,0.8195121951219512,0.7983193277310925,0.8796296296296297,0.8370044052863436,0.8844501718213058,0.7525773195876289,0.639638069492352
DT,4,11,0.8439024390243902,0.8333333333333334,0.8796296296296297,0.8558558558558559,0.9244940817105765,0.8041237113402062,0.6871065434837744
DT,5,11,0.8536585365853658,0.8305084745762712,0.9074074074074074,0.8672566371681416,0.9486445208094693,0.7938144329896907,0.7083575858758506
DT,6,11,0.9170731707317074,0.8888888888888888,0.9629629629629629,0.9244444444444444,0.9804314623902253,0.865979381443299,0.8361569481856985
DT,7,11,0.926829268292683,0.8780487804878049,1.0,0.935064935064935,0.9880202367315769,0.845360824742268,0.8615497903412858
DT,8,11,0.9707317073170731,0.9636363636363636,0.9814814814814815,0.9724770642201835,0.9976135929744178,0.9587628865979382,0.941413323418713
DT,None,11,1.0,1.0,1.0,1.0,1.0,1.0,1.0
RF,2,11,0.8390243902439024,0.8151260504201681,0.8981481481481481,0.8546255506607929,0.9232531500572738,0.7731958762886598,0.6792351717861561
RF,3,11,0.8536585365853658,0.8305084745762712,0.9074074074074074,0.8672566371681416,0.9404352806414662,0.7938144329896907,0.7083575858758506
RF,4,11,0.8634146341463415,0.8389830508474576,0.9166666666666666,0.8761061946902655,0.9550400916380298,0.8041237113402062,0.7281252560507144
RF,5,11,0.9170731707317074,0.8823529411764706,0.9722222222222222,0.9251101321585903,0.9789041618938525,0.8556701030927835,0.8376235809613723
RF,6,11,0.9560975609756097,0.9459459459459459,0.9722222222222222,0.958904109589041,0.9924589537991599,0.9381443298969072,0.9121969620857673
RF,8,11,0.9951219512195122,0.9908256880733946,1.0,0.9953917050691244,1.0,0.9896907216494846,0.9902580422587867
RF,None,11,1.0,1.0,1.0,1.0,1.0,1.0,1.0
XGB,1,11,0.8682926829268293,0.8521739130434782,0.9074074074074074,0.8789237668161435,0.9500763650248186,0.8247422680412371,0.7365927571744415
XGB,2,11,0.9658536585365853,0.954954954954955,0.9814814814814815,0.9680365296803652,0.9954180985108819,0.9484536082474226,0.9318048447771359
XGB,3,11,1.0,1.0,1.0,1.0,0.9999999999999999,1.0,1.0
XGB,4,11,1.0,1.0,1.0,1.0,1.0,1.0,1.0
XGB,6,11,1.0,1.0,1.0,1.0,1.0,1.0,1.0
DT,2,12,0.7365853658536585,0.7368421052631579,0.7777777777777778,0.7567567567567568,0.8283696067201223,0.6907216494845361,0.4707970006168316
DT,3,12,0.8146341463414634,0.7734375,0.9166666666666666,0.8389830508474576,0.8631634211531118,0.7010309278350515,0.636829697101869
DT,4,12,0.8195121951219512,0.8034188034188035,0.8703703703703703,0.8355555555555556,0.9087915234822451,0.7628865979381443,0.6387684470594108
DT,5,12,0.8634146341463415,0.8125,0.9629629629629629,0.8813559322033898,0.9449217258495608,0.7525773195876289,0.7377028912804219
DT,6,12,0.8878048780487805,0.8294573643410853,0.9907407407407407,0.9029535864978903,0.9681176021382206,0.7731958762886598,0.789684149069968
DT,7,12,0.9317073170731708,0.9196428571428571,0.9537037037037037,0.9363636363636364,0.9830087819778541,0.9072164948453608,0.8633962467984213
DT,8,12,0.9609756097560975,0.9310344827586207,1.0,0.9642857142857143,0.9942726231386024,0.9175257731958762,0.9242554482745158
DT,None,12,1.0,1.0,1.0,1.0,1.0,1.0,1.0
RF,2,12,0.8439024390243902,0.8166666666666667,0.9074074074074074,0.8596491228070176,0.917430316914853,0.7731958762886598,0.6897499840275289
RF,3,12,0.8585365853658536,0.8376068376068376,0.9074074074074074,0.8711111111111111,0.9340397098129057,0.8041237113402062,0.7177238475099259
RF,4,12,0.8731707317073171,0.853448275862069,0.9166666666666666,0.8839285714285714,0.9510309278350515,0.8247422680412371,0.7468468650383026
RF,5,12,0.9073170731707317,0.8938053097345132,0.9351851851851852,0.9140271493212669,0.9747040855288277,0.8762886597938144,0.814590115451609
RF,6,12,0.9463414634146341,0.944954128440367,0.9537037037037037,0.9493087557603687,0.9919816723940434,0.9381443298969072,0.8923592678263739
RF,8,12,0.9951219512195122,0.9908256880733946,1.0,0.9953917050691244,1.0,0.9896907216494846,0.9902580422587867
RF,None,12,1.0,1.0,1.0,1.0,1.0,1.0,1.0
XGB,1,12,0.8682926829268293,0.8521739130434782,0.9074074074074074,0.8789237668161435,0.9513172966781214,0.8247422680412371,0.7365927571744415
XGB,2,12,0.9658536585365853,0.963302752293578,0.9722222222222222,0.967741935483871,0.9939862542955327,0.9587628865979382,0.931518777599339
XGB,3,12,1.0,1.0,1.0,1.0,1.0,1.0,1.0
XGB,4,12,1.0,1.0,1.0,1.0,1.0,1.0,1.0
XGB,6,12,1.0,1.0,1.0,1.0,1.0,1.0,1.0
DT,2,13,0.7365853658536585,0.7474747474747475,0.7184466019417476,0.7326732673267327,0.8135827146392538,0.7549019607843137,0.4736191249446253
DT,3,13,0.8146341463414634,0.8155339805825242,0.8155339805825242,0.8155339805825242,0.8714544070055207,0.8137254901960784,0.6292594707786027
DT,4,13,0.8292682926829268,0.788135593220339,0.9029126213592233,0.8416289592760181,0.9141918903483723,0.7549019607843137,0.6654594010275416
DT,5,13,0.9024390243902439,0.8608695652173913,0.9611650485436893,0.908256880733945,0.9636874167142585,0.8431372549019608,0.8103410425423201
DT,6,13,0.9073170731707317,0.9038461538461539,0.912621359223301,0.9082125603864735,0.9693508471349706,0.9019607843137255,0.8146596895549599
DT,7,13,0.9317073170731708,0.908256880733945,0.9611650485436893,0.9339622641509434,0.9811060346468685,0.9019607843137255,0.8648562887919038
DT,8,13,0.9804878048780488,1.0,0.9611650485436893,0.9801980198019802,0.9999524081477251,1.0,0.9617144427289014
DT,None,13,1.0,1.0,1.0,1.0,1.0,1.0,1.0
RF,2,13,0.848780487804878,0.839622641509434,0.8640776699029126,0.8516746411483254,0.9168094422234914,0.8333333333333334,0.6978096377376373
RF,3,13,0.8536585365853658,0.8348623853211009,0.883495145631068,0.8584905660377359,0.9261374452693699,0.8235294117647058,0.7084420504131298
RF,4,13,0.8731707317073171,0.8468468468468469,0.912621359223301,0.8785046728971962,0.9441271654292785,0.8333333333333334,0.748524004500862
RF,5,13,0.8926829268292683,0.8584070796460177,0.941747572815534,0.8981481481481481,0.9591661907481439,0.8431372549019608,0.7890263315513272
RF,6,13,0.926829268292683,0.9150943396226415,0.941747572815534,0.9282296650717703,0.9820102798400913,0.9117647058823529,0.8540001394286055
RF,8,13,0.975609756097561,0.9537037037037037,1.0,0.976303317535545,0.9985722444317533,0.9509803921568627,0.952341074484137
RF,None,13,0.9853658536585366,0.9716981132075472,1.0,0.9856459330143541,0.999143346659052,0.9705882352941176,0.9711430156968318
XGB,1,13,0.8439024390243902,0.8198198198198198,0.883495145631068,0.8504672897196262,0.9348943460879499,0.803921568627451,0.689784402259184
XGB,2,13,0.9365853658536586,0.9245283018867925,0.9514563106796117,0.937799043062201,0.9857224443175329,0.9215686274509803,0.8735239521399766
XGB,3,13,0.9707317073170731,0.944954128440367,1.0,0.9716981132075472,0.9951456310679612,0.9411764705882353,0.9430634079812907
XGB,4,13,0.9707317073170731,0.944954128440367,1.0,0.9716981132075472,0.999143346659052,0.9411764705882353,0.9430634079812907
XGB,6,13,0.9853658536585366,0.9716981132075472,1.0,0.9856459330143541,0.9991433466590519,0.9705882352941176,0.9711430156968318
DT,2,14,0.7365853658536585,0.7391304347826086,0.7798165137614679,0.7589285714285714,0.8343367737003058,0.6875,0.4698830929013605
DT,3,14,0.8390243902439024,0.7923076923076923,0.944954128440367,0.8619246861924686,0.9094514525993884,0.71875,0.6875765819924686
DT,4,14,0.8390243902439024,0.8114754098360656,0.908256880733945,0.8571428571428571,0.943520642201835,0.7604166666666666,0.6797419090532623
DT,5,14,0.8926829268292683,0.8536585365853658,0.963302752293578,0.9051724137931034,0.9671253822629969,0.8125,0.7902066853074499
DT,6,14,0.9024390243902439,0.8677685950413223,0.963302752293578,0.9130434782608695,0.9828937308868501,0.8333333333333334,0.8083073209412147
DT,7,14,0.9560975609756097,0.9545454545454546,0.963302752293578,0.958904109589041,0.9948394495412844,0.9479166666666666,0.9118296008751562
DT,8,14,0.9658536585365853,0.9553571428571429,0.981651376146789,0.9683257918552036,0.9974675076452599,0.9479166666666666,0.9317074427498314
DT,None,14,1.0,1.0,1.0,1.0,1.0,1.0,1.0
RF,2,14,0.8585365853658536,0.8571428571428571,0.8807339449541285,0.8687782805429864,0.9255542813455658,0.8333333333333334,0.7157107034262096
RF,3,14,0.8829268292682927,0.8695652173913043,0.9174311926605505,0.8928571428571429,0.9344418960244648,0.84375,0.7653617249405595
RF,4,14,0.8926829268292683,0.8849557522123894,0.9174311926605505,0.9009009009009009,0.9547974006116208,0.8645833333333334,0.7845679269959942
RF,5,14,0.9219512195121952,0.911504424778761,0.944954128440367,0.9279279279279279,0.9757262996941897,0.8958333333333334,0.8435327656984917
RF,6,14,0.9463414634146341,0.9454545454545454,0.9541284403669725,0.9497716894977168,0.9899655963302753,0.9375,0.8922255035306982
RF,8,14,0.9951219512195122,0.990909090909091,1.0,0.9954337899543378,1.0,0.9895833333333334,0.9902459902529882
RF,None,14,1.0,1.0,1.0,1.0,1.0,1.0,1.0
XGB,1,14,0.8780487804878049,0.868421052631579,0.908256880733945,0.8878923766816144,0.9528383027522936,0.84375,0.7552618672958344
XGB,2,14,0.9707317073170731,0.9904761904761905,0.9541284403669725,0.9719626168224299,0.9957951070336393,0.9895833333333334,0.9420925930274541
XGB,3,14,1.0,1.0,1.0,1.0,1.0,1.0,1.0
XGB,4,14,1.0,1.0,1.0,1.0,1.0,1.0,1.0
XGB,6,14,1.0,1.0,1.0,1.0,1.0,1.0,1.0
DT,2,15,0.7658536585365854,0.7524752475247525,0.7676767676767676,0.76,0.8538688774537831,0.7641509433962265,0.5315744959412413
DT,3,15,0.8536585365853658,0.8285714285714286,0.8787878787878788,0.8529411764705882,0.8947493805984371,0.8301886792452831,0.7087739643562057
DT,4,15,0.824390243902439,0.7837837837837838,0.8787878787878788,0.8285714285714286,0.9249571183533448,0.7735849056603774,0.6542458080684911
DT,5,15,0.8731707317073171,0.8230088495575221,0.9393939393939394,0.8773584905660378,0.9684105202973128,0.8113207547169812,0.7542447764369337
DT,6,15,0.9365853658536586,0.9387755102040817,0.9292929292929293,0.934010152284264,0.9910425004764628,0.9433962264150944,0.8730219891128431
DT,7,15,0.9658536585365853,0.9423076923076923,0.98989898989899,0.9655172413793104,0.998189441585668,0.9433962264150944,0.9328508534758139
DT,8,15,1.0,1.0,1.0,1.0,1.0,1.0,1.0
DT,None,15,1.0,1.0,1.0,1.0,1.0,1.0,1.0
RF,2,15,0.8585365853658536,0.8017241379310345,0.9393939393939394,0.8651162790697674,0.9466361730512675,0.7830188679245284,0.7283363221530993
RF,3,15,0.8634146341463415,0.8198198198198198,0.9191919191919192,0.8666666666666667,0.9558795502191728,0.8113207547169812,0.7326100445008841
RF,4,15,0.9024390243902439,0.8691588785046729,0.9393939393939394,0.9029126213592233,0.9700781398894607,0.8679245283018868,0.8076263694872251
RF,5,15,0.9073170731707317,0.8773584905660378,0.9393939393939394,0.9073170731707317,0.9792262245092433,0.8773584905660378,0.8167524299599771
RF,6,15,0.9707317073170731,0.979381443298969,0.9595959595959596,0.9693877551020408,0.9902801600914808,0.9811320754716981,0.9415358738039596
RF,8,15,1.0,1.0,1.0,1.0,1.0,1.0,1.0
RF,None,15,1.0,1.0,1.0,1.0,1.0,1.0,1.0
XGB,1,15,0.8926829268292683,0.8666666666666667,0.9191919191919192,0.8921568627450981,0.9602630074328188,0.8679245283018868,0.786891524943852
XGB,2,15,0.9658536585365853,0.9693877551020408,0.9595959595959596,0.9644670050761421,0.9876119687440442,0.9716981132075472,0.9316492574361014
XGB,3,15,0.9902439024390244,1.0,0.9797979797979798,0.9897959183673469,1.0,1.0,0.9806393693732084
XGB,4,15,1.0,1.0,1.0,1.0,0.9999999999999999,1.0,1.0
XGB,6,15,1.0,1.0,1.0,1.0,1.0,1.0,1.0
DT,2,16,0.7268292682926829,0.7184466019417476,0.7326732673267327,0.7254901960784313,0.818592916984006,0.7211538461538461,0.4537839144786742
DT,3,16,0.8048780487804879,0.7606837606837606,0.8811881188118812,0.8165137614678899,0.8908511043412033,0.7307692307692307,0.6181078292410586
DT,4,16,0.8292682926829268,0.8055555555555556,0.8613861386138614,0.8325358851674641,0.9037509520182787,0.7980769230769231,0.6603437720768928
DT,5,16,0.8682926829268293,0.8425925925925926,0.900990099009901,0.8708133971291866,0.945496953541508,0.8365384615384616,0.7385135271083713
DT,6,16,0.8780487804878049,0.9130434782608695,0.8316831683168316,0.8704663212435233,0.9591108149276466,0.9230769230769231,0.7586704164176779
DT,7,16,0.926829268292683,0.9134615384615384,0.9405940594059405,0.926829268292683,0.9728674790555979,0.9134615384615384,0.8540555978674791
DT,8,16,0.9365853658536586,0.9489795918367347,0.9207920792079208,0.9346733668341709,0.9793412033511043,0.9519230769230769,0.8734638752435114
DT,None,16,0.9853658536585366,1.0,0.9702970297029703,0.9849246231155779,0.9851485148514851,1.0,0.97112946618107
RF,2,16,0.8536585365853658,0.8198198198198198,0.900990099009901,0.8584905660377359,0.91498476770754,0.8076923076923077,0.7110556501274911
RF,3,16,0.8536585365853658,0.8198198198198198,0.900990099009901,0.8584905660377359,0.9287890327494288,0.8076923076923077,0.7110556501274911
RF,4,16,0.8634146341463415,0.8288288288288288,0.9108910891089109,0.8679245283018868,0.949067022086824,0.8173076923076923,0.7306373814918296
RF,5,16,0.8975609756097561,0.8846153846153846,0.9108910891089109,0.8975609756097561,0.9696306169078447,0.8846153846153846,0.7955064737242955
RF,6,16,0.9365853658536586,0.9150943396226415,0.9603960396039604,0.9371980676328503,0.9861957349581112,0.9134615384615384,0.8742738394991316
RF,8,16,0.9804878048780488,0.9801980198019802,0.9801980198019802,0.9801980198019802,0.9996191926884996,0.9807692307692307,0.960967250571211
RF,None,16,1.0,1.0,1.0,1.0,1.0,1.0,1.0
XGB,1,16,0.8682926829268293,0.8425925925925926,0.900990099009901,0.8708133971291866,0.9424980959634426,0.8365384615384616,0.7385135271083713
XGB,2,16,0.9560975609756097,0.9693877551020408,0.9405940594059405,0.9547738693467337,0.9857197258187358,0.9711538461538461,0.9125301116185348
XGB,3,16,1.0,1.0,1.0,1.0,1.0,1.0,1.0
XGB,4,16,1.0,1.0,1.0,1.0,1.0,1.0,1.0
XGB,6,16,1.0,1.0,1.0,1.0,1.0,1.0,1.0
DT,2,17,0.7317073170731707,0.7981651376146789,0.725,0.759825327510917,0.822843137254902,0.7411764705882353,0.4602582373353879
DT,3,17,0.8341463414634146,0.8771929824561403,0.8333333333333334,0.8547008547008547,0.8761764705882353,0.8352941176470589,0.6629963949750995
DT,4,17,0.7707317073170732,0.8842105263157894,0.7,0.7813953488372093,0.9053921568627452,0.8705882352941177,0.5637217007749221
DT,5,17,0.8731707317073171,0.9051724137931034,0.875,0.8898305084745762,0.9586274509803923,0.8705882352941177,0.7410971354041253
DT,6,17,0.9317073170731708,0.9732142857142857,0.9083333333333333,0.9396551724137931,0.9920098039215687,0.9647058823529412,0.8639395428871416
DT,7,17,0.9853658536585366,0.9915966386554622,0.9833333333333333,0.9874476987447699,0.9989705882352942,0.9882352941176471,0.9699533833955357
DT,8,17,1.0,1.0,1.0,1.0,1.0,1.0,1.0
DT,None,17,1.0,1.0,1.0,1.0,1.0,1.0,1.0
RF,2,17,0.8585365853658536,0.9174311926605505,0.8333333333333334,0.8733624454148472,0.932843137254902,0.8941176470588236,0.7182157983235705
RF,3,17,0.8780487804878049,0.9130434782608695,0.875,0.8936170212765957,0.9471568627450981,0.8823529411764706,0.7518448466849966
RF,4,17,0.8780487804878049,0.905982905982906,0.8833333333333333,0.8945147679324894,0.9597058823529411,0.8705882352941177,0.7503985513659415
RF,5,17,0.9219512195121952,0.9482758620689655,0.9166666666666666,0.9322033898305084,0.977156862745098,0.9294117647058824,0.8409820221614203
RF,6,17,0.9609756097560975,0.9745762711864406,0.9583333333333334,0.9663865546218487,0.993235294117647,0.9647058823529412,0.9200673269907037
RF,8,17,1.0,1.0,1.0,1.0,1.0,1.0,1.0
RF,None,17,1.0,1.0,1.0,1.0,1.0,1.0,1.0
XGB,1,17,0.8975609756097561,0.9304347826086956,0.8916666666666667,0.9106382978723404,0.9589215686274509,0.9058823529411765,0.7917485861207052
XGB,2,17,0.9658536585365853,0.991304347826087,0.95,0.9702127659574468,0.9974509803921568,0.9882352941176471,0.9314116741456852
XGB,3,17,1.0,1.0,1.0,1.0,1.0,1.0,1.0
XGB,4,17,1.0,1.0,1.0,1.0,1.0,1.0,1.0
XGB,6,17,1.0,1.0,1.0,1.0,1.0,1.0,1.0
DT,2,18,0.7609756097560976,0.7752808988764045,0.7040816326530612,0.7379679144385026,0.8561892046538241,0.8130841121495327,0.5212075280519188
DT,3,18,0.8341463414634146,0.8404255319148937,0.8061224489795918,0.8229166666666666,0.8953843219530803,0.8598130841121495,0.6675928845455465
DT,4,18,0.8536585365853658,0.8953488372093024,0.7857142857142857,0.8369565217391305,0.9405397673087927,0.9158878504672897,0.7101876619138314
DT,5,18,0.8975609756097561,0.8666666666666667,0.9285714285714286,0.896551724137931,0.9619492656875834,0.8691588785046729,0.7971983094797017
DT,6,18,0.9463414634146341,0.8990825688073395,1.0,0.9468599033816425,0.9654300972725538,0.897196261682243,0.8981389200327603
DT,7,18,0.9463414634146341,0.9223300970873787,0.9693877551020408,0.945273631840796,0.9793534236124356,0.9252336448598131,0.8937694605247699
DT,8,18,0.9560975609756097,0.9320388349514563,0.9795918367346939,0.9552238805970149,0.9810223154682434,0.9345794392523364,0.9133007193892383
DT,None,18,0.9853658536585366,0.9702970297029703,1.0,0.9849246231155779,0.9859813084112149,0.9719626168224299,0.97112946618107
RF,2,18,0.8731707317073171,0.86,0.8775510204081632,0.8686868686868687,0.9459279038718291,0.8691588785046729,0.7462119262673119
RF,3,18,0.9121951219512195,0.9166666666666666,0.8979591836734694,0.9072164948453608,0.9616631699408735,0.9252336448598131,0.8240577336014867
RF,4,18,0.9219512195121952,0.9270833333333334,0.9081632653061225,0.9175257731958762,0.9759679572763685,0.9345794392523364,0.8436281501200577
RF,5,18,0.9365853658536586,0.9381443298969072,0.9285714285714286,0.9333333333333333,0.9867442304024413,0.9439252336448598,0.872912989320296
RF,6,18,0.975609756097561,0.9894736842105263,0.9591836734693877,0.9740932642487047,0.9960900247949647,0.9906542056074766,0.9514725568158752
RF,8,18,1.0,1.0,1.0,1.0,1.0,1.0,1.0
RF,None,18,0.9853658536585366,0.9702970297029703,1.0,0.9849246231155779,1.0,0.9719626168224299,0.97112946618107
XGB,1,18,0.9024390243902439,0.9148936170212766,0.8775510204081632,0.8958333333333334,0.9632843791722296,0.9252336448598131,0.8047826009028227
XGB,2,18,0.9658536585365853,0.9690721649484536,0.9591836734693877,0.9641025641025641,0.9950410070570285,0.9719626168224299,0.9315906030957887
XGB,3,18,0.9853658536585366,0.9702970297029703,1.0,0.9849246231155779,0.9977112340263208,0.9719626168224299,0.97112946618107
XGB,4,18,0.9853658536585366,0.9702970297029703,1.0,0.9849246231155779,1.0,0.9719626168224299,0.97112946618107
XGB,6,18,0.9853658536585366,0.9702970297029703,1.0,0.9849246231155779,1.0,0.9719626168224299,0.97112946618107
DT,2,19,0.7560975609756098,0.8947368421052632,0.6181818181818182,0.7311827956989247,0.8458851674641148,0.9157894736842105,0.5512827488477355
DT,3,19,0.8536585365853658,0.8571428571428571,0.8727272727272727,0.8648648648648649,0.9230143540669856,0.8315789473684211,0.7054547848897469
DT,4,19,0.8292682926829268,0.8,0.9090909090909091,0.851063829787234,0.9234449760765551,0.7368421052631579,0.6603065838600999
DT,5,19,0.8682926829268293,0.8608695652173913,0.9,0.88,0.9425358851674641,0.8315789473684211,0.7351046494648819
DT,6,19,0.8682926829268293,0.8672566371681416,0.8909090909090909,0.8789237668161435,0.9605263157894737,0.8421052631578947,0.734915638547943
DT,7,19,0.9317073170731708,0.9,0.9818181818181818,0.9391304347826087,0.9864593301435407,0.8736842105263158,0.8659230249016845
DT,8,19,0.9073170731707317,0.9333333333333333,0.8909090909090909,0.9116279069767442,0.9734449760765551,0.9263157894736842,0.8152767849293007
DT,None,19,1.0,1.0,1.0,1.0,1.0,1.0,1.0
RF,2,19,0.848780487804878,0.883495145631068,0.8272727272727273,0.8544600938967136,0.9111961722488038,0.8736842105263158,0.6990862907107378
RF,3,19,0.8634146341463415,0.8867924528301887,0.8545454545454545,0.8703703703703703,0.9249760765550239,0.8736842105263158,0.7267013744783888
RF,4,19,0.8829268292682927,0.8981481481481481,0.8818181818181818,0.8899082568807339,0.9422966507177034,0.8842105263157894,0.7650775283215022
RF,5,19,0.9121951219512195,0.9339622641509434,0.9,0.9166666666666666,0.9603827751196172,0.9263157894736842,0.8245816515927579
RF,6,19,0.9414634146341463,0.9454545454545454,0.9454545454545454,0.9454545454545454,0.983732057416268,0.9368421052631579,0.8822966507177034
RF,8,19,0.9902439024390244,0.9821428571428571,1.0,0.990990990990991,0.9996172248803827,0.9789473684210527,0.9805438110627868
RF,None,19,1.0,1.0,1.0,1.0,1.0,1.0,1.0
XGB,1,19,0.8878048780487805,0.8849557522123894,0.9090909090909091,0.8968609865470852,0.9355980861244019,0.8631578947368421,0.7742518541882375
XGB,2,19,0.9512195121951219,0.9629629629629629,0.9454545454545454,0.9541284403669725,0.9821052631578947,0.9578947368421052,0.9022275911748884
XGB,3,19,1.0,1.0,1.0,1.0,0.9999999999999999,1.0,1.0
XGB,4,19,1.0,1.0,1.0,1.0,1.0,1.0,1.0
XGB,6,19,1.0,1.0,1.0,1.0,1.0,1.0,1.0
