protocol,variant,model,Accuracy,Precision,Recall,F1,AUC,Specificity,MCC
Paper (20 splits),Impute (used),LR,0.8682926829268293,0.8389830508474576,0.9252336448598131,0.88,0.9503147053213807,0.8061224489795918,0.7391510209690378
Paper (20 splits),Impute (used),RF,1.0,1.0,1.0,1.0,0.9999999999999999,1.0,1.0
Paper (20 splits),Impute (used),Stacking,1.0,1.0,1.0,1.0,1.0,1.0,1.0
Paper (20 splits),Impute (used),LR,0.8536585365853658,0.8055555555555556,0.90625,0.8529411764705882,0.9409403669724771,0.8073394495412844,0.7131806328651968
Paper (20 splits),Impute (used),RF,1.0,1.0,1.0,1.0,1.0,1.0,1.0
Paper (20 splits),Impute (used),Stacking,1.0,1.0,1.0,1.0,1.0,1.0,1.0
Paper (20 splits),Impute (used),LR,0.8780487804878049,0.8640776699029126,0.89,0.8768472906403941,0.9408571428571428,0.8666666666666667,0.7564505687994391
Paper (20 splits),Impute (used),RF,1.0,1.0,1.0,1.0,1.0,1.0,1.0
Paper (20 splits),Impute (used),Stacking,1.0,1.0,1.0,1.0,1.0,1.0,1.0
Paper (20 splits),Impute (used),LR,0.8439024390243902,0.8130841121495327,0.8787878787878788,0.8446601941747572,0.9357728225652754,0.8113207547169812,0.6903718328407087
Paper (20 splits),Impute (used),RF,1.0,1.0,1.0,1.0,0.9999999999999999,1.0,1.0
Paper (20 splits),Impute (used),Stacking,1.0,1.0,1.0,1.0,0.9999999999999999,1.0,1.0
Paper (20 splits),Impute (used),LR,0.848780487804878,0.7964601769911505,0.9183673469387755,0.8530805687203792,0.9182719816898722,0.7850467289719626,0.7064523041326928
Paper (20 splits),Impute (used),RF,1.0,1.0,1.0,1.0,1.0,1.0,1.0
Paper (20 splits),Impute (used),Stacking,1.0,1.0,1.0,1.0,1.0,1.0,1.0
Paper (20 splits),Impute (used),LR,0.8536585365853658,0.8214285714285714,0.9019607843137255,0.8598130841121495,0.9365124690652961,0.8058252427184466,0.7108372814154305
Paper (20 splits),Impute (used),RF,1.0,1.0,1.0,1.0,1.0,1.0,1.0
Paper (20 splits),Impute (used),Stacking,1.0,1.0,1.0,1.0,0.9999999999999999,1.0,1.0
Paper (20 splits),Impute (used),LR,0.8731707317073171,0.8317757009345794,0.9175257731958762,0.8725490196078431,0.9244940817105767,0.8333333333333334,0.7505009918016666
Paper (20 splits),Impute (used),RF,0.9853658536585366,0.97,1.0,0.9847715736040609,0.9958476517754867,0.9722222222222222,0.9711104754638142
Paper (20 splits),Impute (used),Stacking,0.9853658536585366,0.97,1.0,0.9847715736040609,0.9922680412371134,0.9722222222222222,0.9711104754638142
Paper (20 splits),Impute (used),LR,0.8731707317073171,0.9017857142857143,0.8706896551724138,0.8859649122807017,0.926675707090275,0.8764044943820225,0.7437874527812887
Paper (20 splits),Impute (used),RF,1.0,1.0,1.0,1.0,1.0,1.0,1.0
Paper (20 splits),Impute (used),Stacking,1.0,1.0,1.0,1.0,1.0,1.0,1.0
Paper (20 splits),Impute (used),LR,0.8536585365853658,0.8728813559322034,0.8728813559322034,0.8728813559322034,0.9336645236703682,0.8275862068965517,0.7004675628287551
Paper (20 splits),Impute (used),RF,1.0,1.0,1.0,1.0,1.0,1.0,1.0
Paper (20 splits),Impute (used),Stacking,1.0,1.0,1.0,1.0,1.0,1.0,1.0
Paper (20 splits),Impute (used),LR,0.8878048780487805,0.896551724137931,0.9043478260869565,0.9004329004329005,0.9494685990338164,0.8666666666666667,0.7719847451491
Paper (20 splits),Impute (used),RF,0.9853658536585366,1.0,0.9739130434782609,0.986784140969163,0.9985507246376811,1.0,0.9708225861034753
Paper (20 splits),Impute (used),Stacking,0.9853658536585366,1.0,0.9739130434782609,0.986784140969163,0.9907246376811594,1.0,0.9708225861034753
Paper (20 splits),Impute (used),LR,0.8585365853658536,0.8558558558558559,0.8796296296296297,0.867579908675799,0.9194348988163421,0.8350515463917526,0.7161181351720813
Paper (20 splits),Impute (used),RF,1.0,1.0,1.0,1.0,1.0,1.0,1.0
Paper (20 splits),Impute (used),Stacking,1.0,1.0,1.0,1.0,1.0,1.0,1.0
Paper (20 splits),Impute (used),LR,0.848780487804878,0.8468468468468469,0.8703703703703703,0.8584474885844748,0.9249713631156931,0.8247422680412371,0.6965102524807127
Paper (20 splits),Impute (used),RF,1.0,1.0,1.0,1.0,1.0,1.0,1.0
Paper (20 splits),Impute (used),Stacking,1.0,1.0,1.0,1.0,1.0,1.0,1.0
Paper (20 splits),Impute (used),LR,0.8536585365853658,0.8362068965517241,0.8981481481481481,0.8660714285714286,0.9249713631156931,0.8041237113402062,0.7074227354302551
Paper (20 splits),Impute (used),RF,1.0,1.0,1.0,1.0,1.0,1.0,1.0
Paper (20 splits),Impute (used),Stacking,1.0,1.0,1.0,1.0,1.0,1.0,1.0
Paper (20 splits),Impute (used),LR,0.8439024390243902,0.8198198198198198,0.883495145631068,0.8504672897196262,0.9118598895869028,0.803921568627451,0.689784402259184
Paper (20 splits),Impute (used),RF,0.9853658536585366,0.9716981132075472,1.0,0.9856459330143541,0.999143346659052,0.9705882352941176,0.9711430156968318
Paper (20 splits),Impute (used),Stacking,1.0,1.0,1.0,1.0,1.0,1.0,1.0
Paper (20 splits),Impute (used),LR,0.8439024390243902,0.8347826086956521,0.8807339449541285,0.8571428571428571,0.9256498470948012,0.8020833333333334,0.6865674230634399
Paper (20 splits),Impute (used),RF,1.0,1.0,1.0,1.0,1.0,1.0,1.0
Paper (20 splits),Impute (used),Stacking,1.0,1.0,1.0,1.0,1.0,1.0,1.0
Paper (20 splits),Impute (used),LR,0.8829268292682927,0.8571428571428571,0.9090909090909091,0.8823529411764706,0.9456832475700401,0.8584905660377359,0.7673621347969404
Paper (20 splits),Impute (used),RF,1.0,1.0,1.0,1.0,1.0,1.0,1.0
Paper (20 splits),Impute (used),Stacking,1.0,1.0,1.0,1.0,1.0,1.0,1.0
Paper (20 splits),Impute (used),LR,0.8536585365853658,0.8256880733944955,0.8910891089108911,0.8571428571428571,0.9187928408225439,0.8173076923076923,0.7097494791760678
Paper (20 splits),Impute (used),RF,1.0,1.0,1.0,1.0,1.0,1.0,1.0
Paper (20 splits),Impute (used),Stacking,1.0,1.0,1.0,1.0,1.0,1.0,1.0
Paper (20 splits),Impute (used),LR,0.8536585365853658,0.9017857142857143,0.8416666666666667,0.8706896551724138,0.930392156862745,0.8705882352941177,0.7048310813110706
Paper (20 splits),Impute (used),RF,1.0,1.0,1.0,1.0,1.0,1.0,1.0
Paper (20 splits),Impute (used),Stacking,1.0,1.0,1.0,1.0,1.0,1.0,1.0
Paper (20 splits),Impute (used),LR,0.8731707317073171,0.8673469387755102,0.8673469387755102,0.8673469387755102,0.9467861911119587,0.8785046728971962,0.7458516116727064
Paper (20 splits),Impute (used),RF,0.9853658536585366,0.9702970297029703,1.0,0.9849246231155779,1.0,0.9719626168224299,0.97112946618107
Paper (20 splits),Impute (used),Stacking,0.9853658536585366,0.9702970297029703,1.0,0.9849246231155779,1.0,0.9719626168224299,0.97112946618107
Paper (20 splits),Impute (used),LR,0.8682926829268293,0.8608695652173913,0.9,0.88,0.908133971291866,0.8315789473684211,0.7351046494648819
Paper (20 splits),Impute (used),RF,1.0,1.0,1.0,1.0,1.0,1.0,1.0
Paper (20 splits),Impute (used),Stacking,1.0,1.0,1.0,1.0,1.0,1.0,1.0
Paper (20 splits),Keep codes,LR,0.8585365853658536,0.8362068965517241,0.9065420560747663,0.8699551569506726,0.9417318329200839,0.8061224489795918,0.7182341613741452
Paper (20 splits),Keep codes,RF,1.0,1.0,1.0,1.0,1.0,1.0,1.0
Paper (20 splits),Keep codes,Stacking,1.0,1.0,1.0,1.0,1.0,1.0,1.0
Paper (20 splits),Keep codes,LR,0.8292682926829268,0.7747747747747747,0.8958333333333334,0.8309178743961353,0.9275611620795108,0.7706422018348624,0.6674329778901914
Paper (20 splits),Keep codes,RF,1.0,1.0,1.0,1.0,1.0,1.0,1.0
Paper (20 splits),Keep codes,Stacking,1.0,1.0,1.0,1.0,1.0,1.0,1.0
Paper (20 splits),Keep codes,LR,0.8634146341463415,0.839622641509434,0.89,0.8640776699029126,0.9310476190476191,0.8380952380952381,0.7283033545031172
Paper (20 splits),Keep codes,RF,1.0,1.0,1.0,1.0,1.0,1.0,1.0
Paper (20 splits),Keep codes,Stacking,1.0,1.0,1.0,1.0,1.0,1.0,1.0
Paper (20 splits),Keep codes,LR,0.8292682926829268,0.7909090909090909,0.8787878787878788,0.8325358851674641,0.9216695254431104,0.7830188679245284,0.6631985605456518
Paper (20 splits),Keep codes,RF,1.0,1.0,1.0,1.0,1.0,1.0,1.0
Paper (20 splits),Keep codes,Stacking,0.9853658536585366,1.0,0.9696969696969697,0.9846153846153847,0.9999999999999999,1.0,0.9710860220774045
Paper (20 splits),Keep codes,LR,0.8390243902439024,0.7876106194690266,0.9081632653061225,0.8436018957345972,0.9097844745374786,0.7757009345794392,0.6868179871116513
Paper (20 splits),Keep codes,RF,1.0,1.0,1.0,1.0,1.0,1.0,1.0
Paper (20 splits),Keep codes,Stacking,1.0,1.0,1.0,1.0,1.0,1.0,1.0
Paper (20 splits),Keep codes,LR,0.8585365853658536,0.8230088495575221,0.9117647058823529,0.8651162790697674,0.9267085474966685,0.8058252427184466,0.7213763659429366
Paper (20 splits),Keep codes,RF,1.0,1.0,1.0,1.0,0.9999999999999999,1.0,1.0
Paper (20 splits),Keep codes,Stacking,1.0,1.0,1.0,1.0,0.9999999999999999,1.0,1.0
Paper (20 splits),Keep codes,LR,0.8634146341463415,0.8285714285714286,0.8969072164948454,0.8613861386138614,0.9178121420389461,0.8333333333333334,0.7294055117622169
Paper (20 splits),Keep codes,RF,0.9853658536585366,0.97,1.0,0.9847715736040609,0.9971363115693013,0.9722222222222222,0.9711104754638142
Paper (20 splits),Keep codes,Stacking,0.9853658536585366,0.97,1.0,0.9847715736040609,0.9925544100801833,0.9722222222222222,0.9711104754638142
Paper (20 splits),Keep codes,LR,0.8536585365853658,0.8839285714285714,0.853448275862069,0.868421052631579,0.9231886865555986,0.8539325842696629,0.7042499374642489
Paper (20 splits),Keep codes,RF,1.0,1.0,1.0,1.0,1.0,1.0,1.0
Paper (20 splits),Keep codes,Stacking,1.0,1.0,1.0,1.0,1.0,1.0,1.0
Paper (20 splits),Keep codes,LR,0.848780487804878,0.859504132231405,0.8813559322033898,0.8702928870292888,0.9151568283654782,0.8045977011494253,0.6893869572504894
Paper (20 splits),Keep codes,RF,1.0,1.0,1.0,1.0,0.9999999999999999,1.0,1.0
Paper (20 splits),Keep codes,Stacking,1.0,1.0,1.0,1.0,1.0,1.0,1.0
Paper (20 splits),Keep codes,LR,0.8878048780487805,0.8898305084745762,0.9130434782608695,0.9012875536480687,0.9408695652173914,0.8555555555555555,0.7717371006653199
Paper (20 splits),Keep codes,RF,0.9853658536585366,1.0,0.9739130434782609,0.986784140969163,0.9991304347826087,1.0,0.9708225861034753
Paper (20 splits),Keep codes,Stacking,0.9853658536585366,1.0,0.9739130434782609,0.986784140969163,0.9910144927536232,1.0,0.9708225861034753
Paper (20 splits),Keep codes,LR,0.8585365853658536,0.8623853211009175,0.8703703703703703,0.8663594470046083,0.9127529591447118,0.845360824742268,0.7161414738480307
Paper (20 splits),Keep codes,RF,1.0,1.0,1.0,1.0,1.0,1.0,1.0
Paper (20 splits),Keep codes,Stacking,1.0,1.0,1.0,1.0,1.0,1.0,1.0
Paper (20 splits),Keep codes,LR,0.8390243902439024,0.831858407079646,0.8703703703703703,0.8506787330316742,0.9125620465826652,0.8041237113402062,0.6770843142902092
Paper (20 splits),Keep codes,RF,1.0,1.0,1.0,1.0,1.0,1.0,1.0
Paper (20 splits),Keep codes,Stacking,1.0,1.0,1.0,1.0,1.0,1.0,1.0
Paper (20 splits),Keep codes,LR,0.824390243902439,0.8157894736842105,0.8611111111111112,0.8378378378378378,0.9159030164184804,0.7835051546391752,0.6477775356897848
Paper (20 splits),Keep codes,RF,1.0,1.0,1.0,1.0,1.0,1.0,1.0
Paper (20 splits),Keep codes,Stacking,1.0,1.0,1.0,1.0,1.0,1.0,1.0
Paper (20 splits),Keep codes,LR,0.8390243902439024,0.8181818181818182,0.8737864077669902,0.8450704225352113,0.9026270702455739,0.803921568627451,0.6795214184109835
Paper (20 splits),Keep codes,RF,0.9853658536585366,0.9716981132075472,1.0,0.9856459330143541,0.9991433466590519,0.9705882352941176,0.9711430156968318
Paper (20 splits),Keep codes,Stacking,0.9707317073170731,0.944954128440367,1.0,0.9716981132075472,1.0,0.9411764705882353,0.9430634079812907
Paper (20 splits),Keep codes,LR,0.8341463414634146,0.8205128205128205,0.8807339449541285,0.8495575221238938,0.9203937308868503,0.78125,0.667362893058343
Paper (20 splits),Keep codes,RF,1.0,1.0,1.0,1.0,1.0,1.0,1.0
Paper (20 splits),Keep codes,Stacking,1.0,1.0,1.0,1.0,1.0,1.0,1.0
Paper (20 splits),Keep codes,LR,0.8926829268292683,0.8737864077669902,0.9090909090909091,0.8910891089108911,0.941013912712026,0.8773584905660378,0.7860001283265621
Paper (20 splits),Keep codes,RF,1.0,1.0,1.0,1.0,1.0,1.0,1.0
Paper (20 splits),Keep codes,Stacking,1.0,1.0,1.0,1.0,1.0,1.0,1.0
Paper (20 splits),Keep codes,LR,0.8439024390243902,0.822429906542056,0.8712871287128713,0.8461538461538461,0.9096534653465347,0.8173076923076923,0.6891855797574253
Paper (20 splits),Keep codes,RF,1.0,1.0,1.0,1.0,1.0,1.0,1.0
Paper (20 splits),Keep codes,Stacking,1.0,1.0,1.0,1.0,1.0,1.0,1.0
Paper (20 splits),Keep codes,LR,0.8585365853658536,0.9026548672566371,0.85,0.8755364806866953,0.9260784313725491,0.8705882352941177,0.7137631421869921
Paper (20 splits),Keep codes,RF,1.0,1.0,1.0,1.0,1.0,1.0,1.0
Paper (20 splits),Keep codes,Stacking,1.0,1.0,1.0,1.0,1.0,1.0,1.0
Paper (20 splits),Keep codes,LR,0.8780487804878049,0.8762886597938144,0.8673469387755102,0.8717948717948718,0.9425901201602137,0.8878504672897196,0.7555577617693108
Paper (20 splits),Keep codes,RF,1.0,1.0,1.0,1.0,1.0,1.0,1.0
Paper (20 splits),Keep codes,Stacking,0.9853658536585366,0.9702970297029703,1.0,0.9849246231155779,1.0,0.9719626168224299,0.97112946618107
Paper (20 splits),Keep codes,LR,0.848780487804878,0.8691588785046729,0.8454545454545455,0.8571428571428571,0.909665071770335,0.8526315789473684,0.6968867773064066
Paper (20 splits),Keep codes,RF,1.0,1.0,1.0,1.0,1.0,1.0,1.0
Paper (20 splits),Keep codes,Stacking,1.0,1.0,1.0,1.0,1.0,1.0,1.0
Paper (20 splits),Drop records,LR,0.82,0.8137254901960784,0.83,0.8217821782178217,0.9235,0.81,0.6401280384128045
Paper (20 splits),Drop records,RF,1.0,1.0,1.0,1.0,1.0,1.0,1.0
Paper (20 splits),Drop records,Stacking,0.985,1.0,0.97,0.9847715736040609,1.0,1.0,0.9704367948586523
Paper (20 splits),Drop records,LR,0.89,0.8476190476190476,0.9368421052631579,0.89,0.9444611528822054,0.8476190476190476,0.7844611528822055
Paper (20 splits),Drop records,RF,1.0,1.0,1.0,1.0,1.0,1.0,1.0
Paper (20 splits),Drop records,Stacking,1.0,1.0,1.0,1.0,1.0,1.0,1.0
Paper (20 splits),Drop records,LR,0.82,0.7586206896551724,0.9166666666666666,0.8301886792452831,0.9330929487179488,0.7307692307692307,0.6553607444452058
Paper (20 splits),Drop records,RF,1.0,1.0,1.0,1.0,1.0,1.0,1.0
Paper (20 splits),Drop records,Stacking,1.0,1.0,1.0,1.0,1.0,1.0,1.0
Paper (20 splits),Drop records,LR,0.865,0.8717948717948718,0.8947368421052632,0.8831168831168831,0.9209506323949408,0.8255813953488372,0.7237591793520197
Paper (20 splits),Drop records,RF,1.0,1.0,1.0,1.0,1.0,1.0,1.0
Paper (20 splits),Drop records,Stacking,1.0,1.0,1.0,1.0,1.0,1.0,1.0
Paper (20 splits),Drop records,LR,0.9,0.8928571428571429,0.9259259259259259,0.9090909090909091,0.9447463768115942,0.8695652173913043,0.7987130728397912
Paper (20 splits),Drop records,RF,1.0,1.0,1.0,1.0,1.0,1.0,1.0
Paper (20 splits),Drop records,Stacking,1.0,1.0,1.0,1.0,1.0,1.0,1.0
Paper (20 splits),Drop records,LR,0.86,0.8365384615384616,0.8877551020408163,0.8613861386138614,0.9287715086034413,0.8333333333333334,0.7215216516555685
Paper (20 splits),Drop records,RF,1.0,1.0,1.0,1.0,1.0,1.0,1.0
Paper (20 splits),Drop records,Stacking,1.0,1.0,1.0,1.0,1.0,1.0,1.0
Paper (20 splits),Drop records,LR,0.875,0.8349514563106796,0.9148936170212766,0.8730964467005076,0.9509233239662787,0.839622641509434,0.7534960542941426
Paper (20 splits),Drop records,RF,1.0,1.0,1.0,1.0,1.0,1.0,1.0
Paper (20 splits),Drop records,Stacking,1.0,1.0,1.0,1.0,1.0,1.0,1.0
Paper (20 splits),Drop records,LR,0.805,0.7669902912621359,0.8404255319148937,0.8020304568527918,0.9133881975110397,0.7735849056603774,0.6131802155056616
Paper (20 splits),Drop records,RF,1.0,1.0,1.0,1.0,1.0,1.0,1.0
Paper (20 splits),Drop records,Stacking,1.0,1.0,1.0,1.0,0.9999999999999999,1.0,1.0
Paper (20 splits),Drop records,LR,0.875,0.8434782608695652,0.9326923076923077,0.8858447488584474,0.9389022435897436,0.8125,0.7531166798213559
Paper (20 splits),Drop records,RF,1.0,1.0,1.0,1.0,1.0,1.0,1.0
Paper (20 splits),Drop records,Stacking,1.0,1.0,1.0,1.0,1.0,1.0,1.0
Paper (20 splits),Drop records,LR,0.905,0.8859649122807017,0.9439252336448598,0.9140271493212669,0.9565872776605366,0.8602150537634409,0.8101464487644546
Paper (20 splits),Drop records,RF,1.0,1.0,1.0,1.0,1.0,1.0,1.0
Paper (20 splits),Drop records,Stacking,1.0,1.0,1.0,1.0,1.0,1.0,1.0
Paper (20 splits),Drop records,LR,0.855,0.8532110091743119,0.8773584905660378,0.8651162790697674,0.9050582095543959,0.8297872340425532,0.7087479802619324
Paper (20 splits),Drop records,RF,0.985,1.0,0.9716981132075472,0.9856459330143541,0.9984945804897633,1.0,0.9703842508214802
Paper (20 splits),Drop records,Stacking,0.985,1.0,0.9716981132075472,0.9856459330143541,0.9939783219590526,1.0,0.9703842508214802
Paper (20 splits),Drop records,LR,0.845,0.8099173553719008,0.9245283018867925,0.8634361233480177,0.9165997591328784,0.7553191489361702,0.6941000921705163
Paper (20 splits),Drop records,RF,1.0,1.0,1.0,1.0,1.0,1.0,1.0
Paper (20 splits),Drop records,Stacking,1.0,1.0,1.0,1.0,1.0,1.0,1.0
Paper (20 splits),Drop records,LR,0.88,0.8571428571428571,0.9090909090909091,0.8823529411764706,0.9372937293729373,0.8514851485148515,0.7614904866196369
Paper (20 splits),Drop records,RF,1.0,1.0,1.0,1.0,1.0,1.0,1.0
Paper (20 splits),Drop records,Stacking,1.0,1.0,1.0,1.0,1.0,1.0,1.0
Paper (20 splits),Drop records,LR,0.89,0.865979381443299,0.9032258064516129,0.8842105263157894,0.9571902321374737,0.8785046728971962,0.780164040585465
Paper (20 splits),Drop records,RF,1.0,1.0,1.0,1.0,1.0,1.0,1.0
Paper (20 splits),Drop records,Stacking,1.0,1.0,1.0,1.0,1.0,1.0,1.0
Paper (20 splits),Drop records,LR,0.885,0.8482142857142857,0.9405940594059405,0.892018779342723,0.9561956195619562,0.8282828282828283,0.7744345911260385
Paper (20 splits),Drop records,RF,1.0,1.0,1.0,1.0,1.0,1.0,1.0
Paper (20 splits),Drop records,Stacking,1.0,1.0,1.0,1.0,1.0,1.0,1.0
Paper (20 splits),Drop records,LR,0.905,0.8648648648648649,0.96,0.909952606635071,0.9524,0.85,0.814945425263875
Paper (20 splits),Drop records,RF,1.0,1.0,1.0,1.0,1.0,1.0,1.0
Paper (20 splits),Drop records,Stacking,1.0,1.0,1.0,1.0,1.0,1.0,1.0
Paper (20 splits),Drop records,LR,0.84,0.8018018018018018,0.898989898989899,0.8476190476190476,0.9265926592659266,0.7821782178217822,0.6852926965374427
Paper (20 splits),Drop records,RF,1.0,1.0,1.0,1.0,1.0,1.0,1.0
Paper (20 splits),Drop records,Stacking,1.0,1.0,1.0,1.0,1.0,1.0,1.0
Paper (20 splits),Drop records,LR,0.85,0.8285714285714286,0.8787878787878788,0.8529411764705882,0.9166916691669167,0.8217821782178217,0.7014123417186794
Paper (20 splits),Drop records,RF,1.0,1.0,1.0,1.0,1.0,1.0,1.0
Paper (20 splits),Drop records,Stacking,1.0,1.0,1.0,1.0,1.0,1.0,1.0
Paper (20 splits),Drop records,LR,0.865,0.8703703703703703,0.8785046728971962,0.8744186046511628,0.9280474324188525,0.8494623655913979,0.7285163232860473
Paper (20 splits),Drop records,RF,1.0,1.0,1.0,1.0,1.0,1.0,1.0
Paper (20 splits),Drop records,Stacking,0.98,0.963963963963964,1.0,0.981651376146789,1.0,0.956989247311828,0.9604702745580416
Paper (20 splits),Drop records,LR,0.88,0.8596491228070176,0.9245283018867925,0.8909090909090909,0.9408871938980329,0.8297872340425532,0.760445791439582
Paper (20 splits),Drop records,RF,0.98,0.9636363636363636,1.0,0.9814814814814815,0.9987956643918104,0.9574468085106383,0.9605366005147504
Paper (20 splits),Drop records,Stacking,0.965,0.9626168224299065,0.9716981132075472,0.9671361502347418,0.9967884383781614,0.9574468085106383,0.9297516417256949
"Leakage-free (unique records, 10 CV folds)",Impute (used),LR,0.8688524590163934,0.8571428571428571,0.9090909090909091,0.8823529411764706,0.9047619047619048,0.8214285714285714,0.7361174128087679
"Leakage-free (unique records, 10 CV folds)",Impute (used),RF,0.819672131147541,0.8055555555555556,0.8787878787878788,0.8405797101449275,0.8831168831168831,0.75,0.6371165579527096
"Leakage-free (unique records, 10 CV folds)",Impute (used),Stacking,0.8524590163934426,0.8333333333333334,0.9090909090909091,0.8695652173913043,0.8993506493506493,0.7857142857142857,0.7040083136069528
"Leakage-free (unique records, 10 CV folds)",Impute (used),LR,0.8688524590163934,0.8378378378378378,0.9393939393939394,0.8857142857142857,0.933982683982684,0.7857142857142857,0.7396603423852208
"Leakage-free (unique records, 10 CV folds)",Impute (used),RF,0.8852459016393442,0.8611111111111112,0.9393939393939394,0.8985507246376812,0.9215367965367965,0.8214285714285714,0.770900069261196
"Leakage-free (unique records, 10 CV folds)",Impute (used),Stacking,0.8360655737704918,0.8108108108108109,0.9090909090909091,0.8571428571428571,0.9047619047619048,0.75,0.6723181321083574
"Leakage-free (unique records, 10 CV folds)",Impute (used),LR,0.85,0.896551724137931,0.8125,0.8524590163934426,0.921875,0.8928571428571429,0.7041792564641388
"Leakage-free (unique records, 10 CV folds)",Impute (used),RF,0.8333333333333334,0.8666666666666667,0.8125,0.8387096774193549,0.8973214285714286,0.8571428571428571,0.6681531047810609
"Leakage-free (unique records, 10 CV folds)",Impute (used),Stacking,0.8166666666666667,0.8620689655172413,0.78125,0.819672131147541,0.8872767857142857,0.8571428571428571,0.6373267954074168
"Leakage-free (unique records, 10 CV folds)",Impute (used),LR,0.9,0.8857142857142857,0.9393939393939394,0.9117647058823529,0.931537598204265,0.8518518518518519,0.7984472665856134
"Leakage-free (unique records, 10 CV folds)",Impute (used),RF,0.8833333333333333,0.8823529411764706,0.9090909090909091,0.8955223880597015,0.9259259259259259,0.8518518518518519,0.7639496026464712
"Leakage-free (unique records, 10 CV folds)",Impute (used),Stacking,0.9,0.8648648648648649,0.9696969696969697,0.9142857142857143,0.9337822671156004,0.8148148148148148,0.8027374854050526
"Leakage-free (unique records, 10 CV folds)",Impute (used),LR,0.7833333333333333,0.8125,0.7878787878787878,0.8,0.9012345679012346,0.7777777777777778,0.5640760748177662
"Leakage-free (unique records, 10 CV folds)",Impute (used),RF,0.7333333333333333,0.7575757575757576,0.7575757575757576,0.7575757575757576,0.9023569023569024,0.7037037037037037,0.4612794612794613
"Leakage-free (unique records, 10 CV folds)",Impute (used),Stacking,0.7666666666666667,0.8064516129032258,0.7575757575757576,0.78125,0.8922558922558923,0.7777777777777778,0.5329662167236046
"Leakage-free (unique records, 10 CV folds)",Impute (used),LR,0.9344262295081968,0.967741935483871,0.9090909090909091,0.9375,0.946969696969697,0.9642857142857143,0.8705547206093359
"Leakage-free (unique records, 10 CV folds)",Impute (used),RF,0.8852459016393442,0.90625,0.8787878787878788,0.8923076923076924,0.9561688311688312,0.8928571428571429,0.7699801976524022
"Leakage-free (unique records, 10 CV folds)",Impute (used),Stacking,0.9016393442622951,0.9090909090909091,0.9090909090909091,0.9090909090909091,0.9372294372294373,0.8928571428571429,0.801948051948052
"Leakage-free (unique records, 10 CV folds)",Impute (used),LR,0.8852459016393442,0.8823529411764706,0.9090909090909091,0.8955223880597015,0.920995670995671,0.8571428571428571,0.7687337199108693
"Leakage-free (unique records, 10 CV folds)",Impute (used),RF,0.8360655737704918,0.8484848484848485,0.8484848484848485,0.8484848484848485,0.9150432900432901,0.8214285714285714,0.6699134199134199
"Leakage-free (unique records, 10 CV folds)",Impute (used),Stacking,0.8524590163934426,0.8529411764705882,0.8787878787878788,0.8656716417910447,0.9123376623376623,0.8214285714285714,0.7025010124044243
"Leakage-free (unique records, 10 CV folds)",Impute (used),LR,0.8166666666666667,0.8387096774193549,0.8125,0.8253968253968254,0.8872767857142858,0.8214285714285714,0.632869964670302
"Leakage-free (unique records, 10 CV folds)",Impute (used),RF,0.7833333333333333,0.8064516129032258,0.78125,0.7936507936507936,0.8738839285714286,0.7857142857142857,0.5660175036135799
"Leakage-free (unique records, 10 CV folds)",Impute (used),Stacking,0.8166666666666667,0.8387096774193549,0.8125,0.8253968253968254,0.8671874999999999,0.8214285714285714,0.632869964670302
"Leakage-free (unique records, 10 CV folds)",Impute (used),LR,0.75,0.725,0.8787878787878788,0.7945205479452054,0.8675645342312011,0.5925925925925926,0.497468338163091
"Leakage-free (unique records, 10 CV folds)",Impute (used),RF,0.7,0.6923076923076923,0.8181818181818182,0.75,0.8187429854096521,0.5555555555555556,0.38981938376529196
"Leakage-free (unique records, 10 CV folds)",Impute (used),Stacking,0.7333333333333333,0.7073170731707317,0.8787878787878788,0.7837837837837838,0.8473625140291807,0.5555555555555556,0.4645188948913181
"Leakage-free (unique records, 10 CV folds)",Impute (used),LR,0.8,0.8,0.8484848484848485,0.8235294117647058,0.877665544332211,0.7407407407407407,0.5945883900105631
"Leakage-free (unique records, 10 CV folds)",Impute (used),RF,0.8166666666666667,0.8235294117647058,0.8484848484848485,0.835820895522388,0.8731762065095399,0.7777777777777778,0.6287372835939984
"Leakage-free (unique records, 10 CV folds)",Impute (used),Stacking,0.8166666666666667,0.8235294117647058,0.8484848484848485,0.835820895522388,0.89337822671156,0.7777777777777778,0.6287372835939984
"Leakage-free (unique records, 10 CV folds)",Keep codes,LR,0.8688524590163934,0.8571428571428571,0.9090909090909091,0.8823529411764706,0.9004329004329004,0.8214285714285714,0.7361174128087679
"Leakage-free (unique records, 10 CV folds)",Keep codes,RF,0.8032786885245902,0.7837837837837838,0.8787878787878788,0.8285714285714286,0.8841991341991342,0.7142857142857143,0.6049759218314941
"Leakage-free (unique records, 10 CV folds)",Keep codes,Stacking,0.8360655737704918,0.8285714285714286,0.8787878787878788,0.8529411764705882,0.8993506493506492,0.7857142857142857,0.6695942095771606
"Leakage-free (unique records, 10 CV folds)",Keep codes,LR,0.8524590163934426,0.8157894736842105,0.9393939393939394,0.8732394366197183,0.935064935064935,0.75,0.7088392059568465
"Leakage-free (unique records, 10 CV folds)",Keep codes,RF,0.8524590163934426,0.8529411764705882,0.8787878787878788,0.8656716417910447,0.9193722943722944,0.8214285714285714,0.7025010124044243
"Leakage-free (unique records, 10 CV folds)",Keep codes,Stacking,0.8032786885245902,0.7837837837837838,0.8787878787878788,0.8285714285714286,0.9036796536796537,0.7142857142857143,0.6049759218314941
"Leakage-free (unique records, 10 CV folds)",Keep codes,LR,0.7833333333333333,0.8518518518518519,0.71875,0.7796610169491526,0.8995535714285714,0.8571428571428571,0.5775064575515225
"Leakage-free (unique records, 10 CV folds)",Keep codes,RF,0.85,0.8709677419354839,0.84375,0.8571428571428571,0.8978794642857143,0.8571428571428571,0.699722425727024
"Leakage-free (unique records, 10 CV folds)",Keep codes,Stacking,0.8333333333333334,0.8666666666666667,0.8125,0.8387096774193549,0.8839285714285714,0.8571428571428571,0.6681531047810609
"Leakage-free (unique records, 10 CV folds)",Keep codes,LR,0.9,0.8857142857142857,0.9393939393939394,0.9117647058823529,0.9169472502805837,0.8518518518518519,0.7984472665856134
"Leakage-free (unique records, 10 CV folds)",Keep codes,RF,0.8833333333333333,0.8611111111111112,0.9393939393939394,0.8985507246376812,0.9292929292929293,0.8148148148148148,0.7659026105380703
"Leakage-free (unique records, 10 CV folds)",Keep codes,Stacking,0.9,0.8648648648648649,0.9696969696969697,0.9142857142857143,0.925925925925926,0.8148148148148148,0.8027374854050526
"Leakage-free (unique records, 10 CV folds)",Keep codes,LR,0.7833333333333333,0.8125,0.7878787878787878,0.8,0.8967452300785634,0.7777777777777778,0.5640760748177662
"Leakage-free (unique records, 10 CV folds)",Keep codes,RF,0.7833333333333333,0.7941176470588235,0.8181818181818182,0.8059701492537313,0.8900112233445567,0.7407407407407407,0.561131124067762
"Leakage-free (unique records, 10 CV folds)",Keep codes,Stacking,0.7833333333333333,0.8333333333333334,0.7575757575757576,0.7936507936507936,0.9001122334455668,0.8148148148148148,0.5695214286468868
"Leakage-free (unique records, 10 CV folds)",Keep codes,LR,0.9180327868852459,0.9375,0.9090909090909091,0.9230769230769231,0.9415584415584416,0.9285714285714286,0.8358550813225236
"Leakage-free (unique records, 10 CV folds)",Keep codes,RF,0.9016393442622951,0.9090909090909091,0.9090909090909091,0.9090909090909091,0.949134199134199,0.8928571428571429,0.801948051948052
"Leakage-free (unique records, 10 CV folds)",Keep codes,Stacking,0.8852459016393442,0.8823529411764706,0.9090909090909091,0.8955223880597015,0.9296536796536796,0.8571428571428571,0.7687337199108693
"Leakage-free (unique records, 10 CV folds)",Keep codes,LR,0.8852459016393442,0.8823529411764706,0.9090909090909091,0.8955223880597015,0.9123376623376623,0.8571428571428571,0.7687337199108693
"Leakage-free (unique records, 10 CV folds)",Keep codes,RF,0.8360655737704918,0.8484848484848485,0.8484848484848485,0.8484848484848485,0.9063852813852813,0.8214285714285714,0.6699134199134199
"Leakage-free (unique records, 10 CV folds)",Keep codes,Stacking,0.8524590163934426,0.875,0.8484848484848485,0.8615384615384616,0.9058441558441559,0.8571428571428571,0.7041053139822809
"Leakage-free (unique records, 10 CV folds)",Keep codes,LR,0.8,0.8333333333333334,0.78125,0.8064516129032258,0.8816964285714286,0.8214285714285714,0.6013377943029549
"Leakage-free (unique records, 10 CV folds)",Keep codes,RF,0.8,0.8125,0.8125,0.8125,0.8621651785714285,0.7857142857142857,0.5982142857142857
"Leakage-free (unique records, 10 CV folds)",Keep codes,Stacking,0.8166666666666667,0.8387096774193549,0.8125,0.8253968253968254,0.8716517857142857,0.8214285714285714,0.632869964670302
"Leakage-free (unique records, 10 CV folds)",Keep codes,LR,0.75,0.725,0.8787878787878788,0.7945205479452054,0.8439955106621774,0.5925925925925926,0.497468338163091
"Leakage-free (unique records, 10 CV folds)",Keep codes,RF,0.7333333333333333,0.7073170731707317,0.8787878787878788,0.7837837837837838,0.8316498316498316,0.5555555555555556,0.4645188948913181
"Leakage-free (unique records, 10 CV folds)",Keep codes,Stacking,0.7333333333333333,0.7073170731707317,0.8787878787878788,0.7837837837837838,0.8484848484848485,0.5555555555555556,0.4645188948913181
"Leakage-free (unique records, 10 CV folds)",Keep codes,LR,0.8,0.8,0.8484848484848485,0.8235294117647058,0.877665544332211,0.7407407407407407,0.5945883900105631
"Leakage-free (unique records, 10 CV folds)",Keep codes,RF,0.8166666666666667,0.8055555555555556,0.8787878787878788,0.8405797101449275,0.8849607182940517,0.7407407407407407,0.6291342872277006
"Leakage-free (unique records, 10 CV folds)",Keep codes,Stacking,0.7833333333333333,0.8125,0.7878787878787878,0.8,0.8877665544332212,0.7777777777777778,0.5640760748177662
"Leakage-free (unique records, 10 CV folds)",Drop records,LR,0.8833333333333333,0.8787878787878788,0.90625,0.8923076923076924,0.9352678571428571,0.8571428571428571,0.7655318158241113
"Leakage-free (unique records, 10 CV folds)",Drop records,RF,0.8666666666666667,0.8157894736842105,0.96875,0.8857142857142857,0.9369419642857143,0.75,0.7440955783130765
"Leakage-free (unique records, 10 CV folds)",Drop records,Stacking,0.8666666666666667,0.8157894736842105,0.96875,0.8857142857142857,0.9419642857142857,0.75,0.7440955783130765
"Leakage-free (unique records, 10 CV folds)",Drop records,LR,0.8305084745762712,0.84375,0.84375,0.84375,0.9016203703703703,0.8148148148148148,0.6585648148148148
"Leakage-free (unique records, 10 CV folds)",Drop records,RF,0.7288135593220338,0.8076923076923077,0.65625,0.7241379310344828,0.8865740740740741,0.8148148148148148,0.4727090251012305
"Leakage-free (unique records, 10 CV folds)",Drop records,Stacking,0.8135593220338984,0.8620689655172413,0.78125,0.819672131147541,0.9027777777777778,0.8518518518518519,0.6309149649999412
"Leakage-free (unique records, 10 CV folds)",Drop records,LR,0.9152542372881356,0.9090909090909091,0.9375,0.9230769230769231,0.9548611111111112,0.8888888888888888,0.829273326590365
"Leakage-free (unique records, 10 CV folds)",Drop records,RF,0.864406779661017,0.9,0.84375,0.8709677419354839,0.9207175925925927,0.8888888888888888,0.7301081770474639
"Leakage-free (unique records, 10 CV folds)",Drop records,Stacking,0.864406779661017,0.9,0.84375,0.8709677419354839,0.9293981481481481,0.8888888888888888,0.7301081770474639
"Leakage-free (unique records, 10 CV folds)",Drop records,LR,0.7966101694915254,0.7777777777777778,0.875,0.8235294117647058,0.9247685185185186,0.7037037037037037,0.5911503685824643
"Leakage-free (unique records, 10 CV folds)",Drop records,RF,0.8305084745762712,0.7894736842105263,0.9375,0.8571428571428571,0.9131944444444445,0.7037037037037037,0.6671929487727256
"Leakage-free (unique records, 10 CV folds)",Drop records,Stacking,0.8135593220338984,0.7837837837837838,0.90625,0.8405797101449275,0.9224537037037037,0.7037037037037037,0.6284077631373731
"Leakage-free (unique records, 10 CV folds)",Drop records,LR,0.7966101694915254,0.8125,0.8125,0.8125,0.8819444444444444,0.7777777777777778,0.5902777777777778
"Leakage-free (unique records, 10 CV folds)",Drop records,RF,0.7796610169491526,0.8064516129032258,0.78125,0.7936507936507936,0.8813657407407407,0.7777777777777778,0.5577382079454039
"Leakage-free (unique records, 10 CV folds)",Drop records,Stacking,0.7966101694915254,0.8125,0.8125,0.8125,0.8807870370370371,0.7777777777777778,0.5902777777777778
"Leakage-free (unique records, 10 CV folds)",Drop records,LR,0.8666666666666667,0.8529411764705882,0.90625,0.8787878787878788,0.8861607142857143,0.8214285714285714,0.7326009177709311
"Leakage-free (unique records, 10 CV folds)",Drop records,RF,0.75,0.7428571428571429,0.8125,0.7761194029850746,0.83984375,0.6785714285714286,0.4969293465978882
"Leakage-free (unique records, 10 CV folds)",Drop records,Stacking,0.8166666666666667,0.8387096774193549,0.8125,0.8253968253968254,0.8716517857142857,0.8214285714285714,0.632869964670302
"Leakage-free (unique records, 10 CV folds)",Drop records,LR,0.847457627118644,0.8285714285714286,0.90625,0.8656716417910447,0.8935185185185185,0.7777777777777778,0.6937307840896573
"Leakage-free (unique records, 10 CV folds)",Drop records,RF,0.7966101694915254,0.7941176470588235,0.84375,0.8181818181818182,0.884837962962963,0.7407407407407407,0.5892845353617875
"Leakage-free (unique records, 10 CV folds)",Drop records,Stacking,0.8135593220338984,0.8,0.875,0.835820895522388,0.8819444444444444,0.7407407407407407,0.6244750882160706
"Leakage-free (unique records, 10 CV folds)",Drop records,LR,0.8813559322033898,0.8378378378378378,0.96875,0.8985507246376812,0.9606481481481481,0.7777777777777778,0.7691138656994415
"Leakage-free (unique records, 10 CV folds)",Drop records,RF,0.8813559322033898,0.8378378378378378,0.96875,0.8985507246376812,0.9450231481481481,0.7777777777777778,0.7691138656994415
"Leakage-free (unique records, 10 CV folds)",Drop records,Stacking,0.8813559322033898,0.8378378378378378,0.96875,0.8985507246376812,0.9548611111111112,0.7777777777777778,0.7691138656994415
"Leakage-free (unique records, 10 CV folds)",Drop records,LR,0.847457627118644,0.896551724137931,0.8125,0.8524590163934426,0.9236111111111112,0.8888888888888888,0.6989661221023113
"Leakage-free (unique records, 10 CV folds)",Drop records,RF,0.8305084745762712,0.8928571428571429,0.78125,0.8333333333333334,0.9241898148148149,0.8888888888888888,0.6685930070401425
"Leakage-free (unique records, 10 CV folds)",Drop records,Stacking,0.864406779661017,0.9,0.84375,0.8709677419354839,0.9282407407407407,0.8888888888888888,0.7301081770474639
"Leakage-free (unique records, 10 CV folds)",Drop records,LR,0.8135593220338984,0.8181818181818182,0.84375,0.8307692307692308,0.9259259259259258,0.7777777777777778,0.6236971657969552
"Leakage-free (unique records, 10 CV folds)",Drop records,RF,0.7966101694915254,0.8333333333333334,0.78125,0.8064516129032258,0.9091435185185185,0.8148148148148148,0.5940058628427234
"Leakage-free (unique records, 10 CV folds)",Drop records,Stacking,0.8305084745762712,0.8666666666666667,0.8125,0.8387096774193549,0.9143518518518519,0.8518518518518519,0.6620570199450936
