Accuracy,Precision,Recall,F1,AUC,Specificity,MCC
0.9707317073170731,0.963302752293578,0.9813084112149533,0.9722222222222222,0.9963761205416747,0.9591836734693877,0.9414802327129126
0.9658536585365853,0.9587628865979382,0.96875,0.9637305699481865,0.9959862385321102,0.963302752293578,0.931518777599339
0.9560975609756097,0.9690721649484536,0.94,0.9543147208121827,0.9868571428571429,0.9714285714285714,0.9124719931456753
0.9317073170731708,0.956989247311828,0.898989898989899,0.9270833333333334,0.9835143891747665,0.9622641509433962,0.86447277687627
0.926829268292683,0.8952380952380953,0.9591836734693877,0.9261083743842364,0.9815945069616632,0.897196261682243,0.8558088247612339
0.9463414634146341,0.9174311926605505,0.9803921568627451,0.9478672985781991,0.9940034266133637,0.912621359223301,0.8948038929693032
0.9560975609756097,0.9313725490196079,0.979381443298969,0.9547738693467337,0.9803360061092019,0.9351851851851852,0.9132599173889017
0.9658536585365853,0.990990990990991,0.9482758620689655,0.9691629955947136,0.9941882991088724,0.9887640449438202,0.9320874680813349
0.9512195121951219,0.9655172413793104,0.9491525423728814,0.9572649572649573,0.9909409701928696,0.9540229885057471,0.9006349476999358
0.9121951219512195,0.9217391304347826,0.9217391304347826,0.9217391304347826,0.9811594202898551,0.9,0.8217391304347826
0.9414634146341463,0.9615384615384616,0.9259259259259259,0.9433962264150944,0.9798587247040854,0.9587628865979382,0.883508889794809
0.9463414634146341,0.944954128440367,0.9537037037037037,0.9493087557603687,0.9902634593356243,0.9381443298969072,0.8923592678263739
0.9317073170731708,0.9051724137931034,0.9722222222222222,0.9375,0.990836197021764,0.8865979381443299,0.8651192538624447
0.926829268292683,0.9074074074074074,0.9514563106796117,0.9289099526066351,0.9849609746811346,0.9019607843137255,0.8546381817460487
0.9414634146341463,0.9369369369369369,0.9541284403669725,0.9454545454545454,0.994361620795107,0.9270833333333334,0.8824777013371745
0.9414634146341463,0.9393939393939394,0.9393939393939394,0.9393939393939394,0.9868496283590623,0.9433962264150944,0.8827901658090337
0.9121951219512195,0.9368421052631579,0.8811881188118812,0.9081632653061225,0.9831492764661082,0.9423076923076923,0.8256207620312508
0.975609756097561,0.9752066115702479,0.9833333333333333,0.979253112033195,0.9958823529411764,0.9647058823529412,0.9497166676893075
0.9658536585365853,0.9333333333333333,1.0,0.9655172413793104,0.9933244325767691,0.9345794392523364,0.9339561784699434
0.9024390243902439,0.9017857142857143,0.9181818181818182,0.9099099099099099,0.9738755980861244,0.8842105263157894,0.8037008656658325
